target_name,id,prompt,seed_index,combo,clip_iisim,lpips_alex,pixel_mse_01,pixel_rmse_01,pixel_ssim_01,color_hist_sim,edge_rmse,edge_sim,layout_sim,visual_specific_score,region_score,heuristic_score,saliency_component_count,largest_component_fraction,clip_norm,lpips_norm,rmse_norm,ssim_norm,color_norm,edge_norm,layout_norm,combined_score,is_pareto,pareto_rank,selection_score,rank
1159_7.png,00001,小刺猬方块木质身体，暖桃米色四乘四格纹侧面，面部被橙色刺毛遮挡，顶部琥珀刺毛，真实棚拍，小刺猬方块木质身体，暖桃米色四乘四格纹侧面，脸部大多藏在橙色刺毛下，真实棚拍物体照,1,"[0, 0, 0, 0]",0.5251802206039429,0.6221330165863037,0.03870614990592003,0.19673878597246663,0.3345676768101528,0.6275470874927662,0.07099919633763108,0.9290008036623689,0.9481654046850848,0.7971795515905908,0.7549004350859025,0.5661753263144269,10.0,0.3594701038310061,0.8681660085900658,1.0,1.0,1.0,0.7980191659082393,1.0,0.47031461562541194,0.9395173767438201,True,0,0.9695173767438201,1
1159_7.png,00004,小刺猬方块木质身体，暖桃米色四乘四格纹侧面，面部被橙色刺毛遮挡，顶部琥珀刺毛，真实棚拍，小刺猬方块木质身体，暖桃米色四乘四格纹侧面，脸部大多藏在橙色刺毛下，柔和浅景深,1,"[0, 0, 0, 1]",0.5251802206039429,0.6221330165863037,0.03870614990592003,0.19673878597246663,0.3345676768101528,0.6275470874927662,0.07099919633763108,0.9290008036623689,0.9481654046850848,0.7971795515905908,0.7549004350859025,0.5661753263144269,10.0,0.3594701038310061,0.8681660085900658,1.0,1.0,1.0,0.7980191659082393,1.0,0.47031461562541194,0.9395173767438201,True,0,0.9695173767438201,2
1159_7.png,00005,小刺猬方块木质身体，暖桃米色四乘四格纹侧面，面部被橙色刺毛遮挡，顶部琥珀刺毛，真实棚拍，小刺猬方块木质身体，暖桃米色四乘四格纹侧面，微小面部被毛发遮挡，真实棚拍物体照,1,"[0, 0, 1, 0]",0.5251802206039429,0.6221330165863037,0.03870614990592003,0.19673878597246663,0.3345676768101528,0.6275470874927662,0.07099919633763108,0.9290008036623689,0.9481654046850848,0.7971795515905908,0.7549004350859025,0.5661753263144269,10.0,0.3594701038310061,0.8681660085900658,1.0,1.0,1.0,0.7980191659082393,1.0,0.47031461562541194,0.9395173767438201,True,0,0.9695173767438201,3
1159_7.png,00006,小刺猬方块木质身体，暖桃米色四乘四格纹侧面，面部被橙色刺毛遮挡，顶部琥珀刺毛，真实棚拍，小刺猬方块木质身体，米桃色格纹木块，脸部大多藏在橙色刺毛下，真实棚拍物体照,1,"[0, 1, 0, 0]",0.5251802206039429,0.6221330165863037,0.03870614990592003,0.19673878597246663,0.3345676768101528,0.6275470874927662,0.07099919633763108,0.9290008036623689,0.9481654046850848,0.7971795515905908,0.7549004350859025,0.5661753263144269,10.0,0.3594701038310061,0.8681660085900658,1.0,1.0,1.0,0.7980191659082393,1.0,0.47031461562541194,0.9395173767438201,True,0,0.9695173767438201,4
1159_7.png,00007,小刺猬方块木质身体，暖桃米色四乘四格纹侧面，面部被橙色刺毛遮挡，顶部琥珀刺毛，真实棚拍，紧凑立方体木块刺猬，暖桃米色四乘四格纹侧面，脸部大多藏在橙色刺毛下，真实棚拍物体照,1,"[1, 0, 0, 0]",0.5251802206039429,0.6221330165863037,0.03870614990592003,0.19673878597246663,0.3345676768101528,0.6275470874927662,0.07099919633763108,0.9290008036623689,0.9481654046850848,0.7971795515905908,0.7549004350859025,0.5661753263144269,10.0,0.3594701038310061,0.8681660085900658,1.0,1.0,1.0,0.7980191659082393,1.0,0.47031461562541194,0.9395173767438201,True,0,0.9695173767438201,5
1159_7.png,00016,小刺猬方块木质身体，暖桃米色四乘四格纹侧面，面部被橙色刺毛遮挡，顶部琥珀刺毛，真实棚拍，小刺猬方块木质身体，暖桃米色四乘四格纹侧面，脸部大多藏在橙色刺毛下，中性棚拍光,1,"[0, 0, 0, 2]",0.5251802206039429,0.6221330165863037,0.03870614990592003,0.19673878597246663,0.3345676768101528,0.6275470874927662,0.07099919633763108,0.9290008036623689,0.9481654046850848,0.7971795515905908,0.7549004350859025,0.5661753263144269,10.0,0.3594701038310061,0.8681660085900658,1.0,1.0,1.0,0.7980191659082393,1.0,0.47031461562541194,0.9395173767438201,True,0,0.9695173767438201,6
1159_7.png,00017,小刺猬方块木质身体，暖桃米色四乘四格纹侧面，面部被橙色刺毛遮挡，顶部琥珀刺毛，真实棚拍，小刺猬方块木质身体，暖桃米色四乘四格纹侧面，微小面部被毛发遮挡，柔和浅景深,1,"[0, 0, 1, 1]",0.5251802206039429,0.6221330165863037,0.03870614990592003,0.19673878597246663,0.3345676768101528,0.6275470874927662,0.07099919633763108,0.9290008036623689,0.9481654046850848,0.7971795515905908,0.7549004350859025,0.5661753263144269,10.0,0.3594701038310061,0.8681660085900658,1.0,1.0,1.0,0.7980191659082393,1.0,0.47031461562541194,0.9395173767438201,True,0,0.9695173767438201,7
1159_7.png,00018,小刺猬方块木质身体，暖桃米色四乘四格纹侧面，面部被橙色刺毛遮挡，顶部琥珀刺毛，真实棚拍，小刺猬方块木质身体，暖桃米色四乘四格纹侧面，顶部琥珀色刺毛方帽，真实棚拍物体照,1,"[0, 0, 2, 0]",0.5251802206039429,0.6221330165863037,0.03870614990592003,0.19673878597246663,0.3345676768101528,0.6275470874927662,0.07099919633763108,0.9290008036623689,0.9481654046850848,0.7971795515905908,0.7549004350859025,0.5661753263144269,10.0,0.3594701038310061,0.8681660085900658,1.0,1.0,1.0,0.7980191659082393,1.0,0.47031461562541194,0.9395173767438201,True,0,0.9695173767438201,8
1159_7.png,00019,小刺猬方块木质身体，暖桃米色四乘四格纹侧面，面部被橙色刺毛遮挡，顶部琥珀刺毛，真实棚拍，小刺猬方块木质身体，米桃色格纹木块，脸部大多藏在橙色刺毛下，柔和浅景深,1,"[0, 1, 0, 1]",0.5251802206039429,0.6221330165863037,0.03870614990592003,0.19673878597246663,0.3345676768101528,0.6275470874927662,0.07099919633763108,0.9290008036623689,0.9481654046850848,0.7971795515905908,0.7549004350859025,0.5661753263144269,10.0,0.3594701038310061,0.8681660085900658,1.0,1.0,1.0,0.7980191659082393,1.0,0.47031461562541194,0.9395173767438201,True,0,0.9695173767438201,9
1159_7.png,00020,小刺猬方块木质身体，暖桃米色四乘四格纹侧面，面部被橙色刺毛遮挡，顶部琥珀刺毛，真实棚拍，小刺猬方块木质身体，米桃色格纹木块，微小面部被毛发遮挡，真实棚拍物体照,1,"[0, 1, 1, 0]",0.5251802206039429,0.6221330165863037,0.03870614990592003,0.19673878597246663,0.3345676768101528,0.6275470874927662,0.07099919633763108,0.9290008036623689,0.9481654046850848,0.7971795515905908,0.7549004350859025,0.5661753263144269,10.0,0.3594701038310061,0.8681660085900658,1.0,1.0,1.0,0.7980191659082393,1.0,0.47031461562541194,0.9395173767438201,True,0,0.9695173767438201,10
1159_7.png,00021,小刺猬方块木质身体，暖桃米色四乘四格纹侧面，面部被橙色刺毛遮挡，顶部琥珀刺毛，真实棚拍，小刺猬方块木质身体，柔和浅木纹，脸部大多藏在橙色刺毛下，真实棚拍物体照,1,"[0, 2, 0, 0]",0.5251802206039429,0.6221330165863037,0.03870614990592003,0.19673878597246663,0.3345676768101528,0.6275470874927662,0.07099919633763108,0.9290008036623689,0.9481654046850848,0.7971795515905908,0.7549004350859025,0.5661753263144269,10.0,0.3594701038310061,0.8681660085900658,1.0,1.0,1.0,0.7980191659082393,1.0,0.47031461562541194,0.9395173767438201,True,0,0.9695173767438201,11
1159_7.png,00022,小刺猬方块木质身体，暖桃米色四乘四格纹侧面，面部被橙色刺毛遮挡，顶部琥珀刺毛，真实棚拍，紧凑立方体木块刺猬，暖桃米色四乘四格纹侧面，脸部大多藏在橙色刺毛下，柔和浅景深,1,"[1, 0, 0, 1]",0.5251802206039429,0.6221330165863037,0.03870614990592003,0.19673878597246663,0.3345676768101528,0.6275470874927662,0.07099919633763108,0.9290008036623689,0.9481654046850848,0.7971795515905908,0.7549004350859025,0.5661753263144269,10.0,0.3594701038310061,0.8681660085900658,1.0,1.0,1.0,0.7980191659082393,1.0,0.47031461562541194,0.9395173767438201,True,0,0.9695173767438201,12
1159_7.png,00023,小刺猬方块木质身体，暖桃米色四乘四格纹侧面，面部被橙色刺毛遮挡，顶部琥珀刺毛，真实棚拍，紧凑立方体木块刺猬，暖桃米色四乘四格纹侧面，微小面部被毛发遮挡，真实棚拍物体照,1,"[1, 0, 1, 0]",0.5251802206039429,0.6221330165863037,0.03870614990592003,0.19673878597246663,0.3345676768101528,0.6275470874927662,0.07099919633763108,0.9290008036623689,0.9481654046850848,0.7971795515905908,0.7549004350859025,0.5661753263144269,10.0,0.3594701038310061,0.8681660085900658,1.0,1.0,1.0,0.7980191659082393,1.0,0.47031461562541194,0.9395173767438201,True,0,0.9695173767438201,13
1159_7.png,00024,小刺猬方块木质身体，暖桃米色四乘四格纹侧面，面部被橙色刺毛遮挡，顶部琥珀刺毛，真实棚拍，紧凑立方体木块刺猬，米桃色格纹木块，脸部大多藏在橙色刺毛下，真实棚拍物体照,1,"[1, 1, 0, 0]",0.5251802206039429,0.6221330165863037,0.03870614990592003,0.19673878597246663,0.3345676768101528,0.6275470874927662,0.07099919633763108,0.9290008036623689,0.9481654046850848,0.7971795515905908,0.7549004350859025,0.5661753263144269,10.0,0.3594701038310061,0.8681660085900658,1.0,1.0,1.0,0.7980191659082393,1.0,0.47031461562541194,0.9395173767438201,True,0,0.9695173767438201,14
1159_7.png,00025,小刺猬方块木质身体，暖桃米色四乘四格纹侧面，面部被橙色刺毛遮挡，顶部琥珀刺毛，真实棚拍，迷你刺猬产品照，暖桃米色四乘四格纹侧面，脸部大多藏在橙色刺毛下，真实棚拍物体照,1,"[2, 0, 0, 0]",0.5251802206039429,0.6221330165863037,0.03870614990592003,0.19673878597246663,0.3345676768101528,0.6275470874927662,0.07099919633763108,0.9290008036623689,0.9481654046850848,0.7971795515905908,0.7549004350859025,0.5661753263144269,10.0,0.3594701038310061,0.8681660085900658,1.0,1.0,1.0,0.7980191659082393,1.0,0.47031461562541194,0.9395173767438201,True,0,0.9695173767438201,15
1159_7.png,00046,小刺猬方块木质身体，暖桃米色四乘四格纹侧面，面部被橙色刺毛遮挡，顶部琥珀刺毛，真实棚拍，小刺猬方块木质身体，暖桃米色四乘四格纹侧面，脸部大多藏在橙色刺毛下，产品摄影风格,1,"[0, 0, 0, 3]",0.5251802206039429,0.6221330165863037,0.03870614990592003,0.19673878597246663,0.3345676768101528,0.6275470874927662,0.07099919633763108,0.9290008036623689,0.9481654046850848,0.7971795515905908,0.7549004350859025,0.5661753263144269,10.0,0.3594701038310061,0.8681660085900658,1.0,1.0,1.0,0.7980191659082393,1.0,0.47031461562541194,0.9395173767438201,True,0,0.9695173767438201,16
1159_7.png,00047,小刺猬方块木质身体，暖桃米色四乘四格纹侧面，面部被橙色刺毛遮挡，顶部琥珀刺毛，真实棚拍，小刺猬方块木质身体，暖桃米色四乘四格纹侧面，微小面部被毛发遮挡，中性棚拍光,1,"[0, 0, 1, 2]",0.5251802206039429,0.6221330165863037,0.03870614990592003,0.19673878597246663,0.3345676768101528,0.6275470874927662,0.07099919633763108,0.9290008036623689,0.9481654046850848,0.7971795515905908,0.7549004350859025,0.5661753263144269,10.0,0.3594701038310061,0.8681660085900658,1.0,1.0,1.0,0.7980191659082393,1.0,0.47031461562541194,0.9395173767438201,True,0,0.9695173767438201,17
1159_7.png,00048,小刺猬方块木质身体，暖桃米色四乘四格纹侧面，面部被橙色刺毛遮挡，顶部琥珀刺毛，真实棚拍，小刺猬方块木质身体，暖桃米色四乘四格纹侧面，顶部琥珀色刺毛方帽，柔和浅景深,1,"[0, 0, 2, 1]",0.5251802206039429,0.6221330165863037,0.03870614990592003,0.19673878597246663,0.3345676768101528,0.6275470874927662,0.07099919633763108,0.9290008036623689,0.9481654046850848,0.7971795515905908,0.7549004350859025,0.5661753263144269,10.0,0.3594701038310061,0.8681660085900658,1.0,1.0,1.0,0.7980191659082393,1.0,0.47031461562541194,0.9395173767438201,True,0,0.9695173767438201,18
1159_7.png,00049,小刺猬方块木质身体，暖桃米色四乘四格纹侧面，面部被橙色刺毛遮挡，顶部琥珀刺毛，真实棚拍，小刺猬方块木质身体，暖桃米色四乘四格纹侧面，顶部低矮刺毛层，真实棚拍物体照,1,"[0, 0, 3, 0]",0.5251802206039429,0.6221330165863037,0.03870614990592003,0.19673878597246663,0.3345676768101528,0.6275470874927662,0.07099919633763108,0.9290008036623689,0.9481654046850848,0.7971795515905908,0.7549004350859025,0.5661753263144269,10.0,0.3594701038310061,0.8681660085900658,1.0,1.0,1.0,0.7980191659082393,1.0,0.47031461562541194,0.9395173767438201,True,0,0.9695173767438201,19
1159_7.png,00050,小刺猬方块木质身体，暖桃米色四乘四格纹侧面，面部被橙色刺毛遮挡，顶部琥珀刺毛，真实棚拍，小刺猬方块木质身体，米桃色格纹木块，脸部大多藏在橙色刺毛下，中性棚拍光,1,"[0, 1, 0, 2]",0.5251802206039429,0.6221330165863037,0.03870614990592003,0.19673878597246663,0.3345676768101528,0.6275470874927662,0.07099919633763108,0.9290008036623689,0.9481654046850848,0.7971795515905908,0.7549004350859025,0.5661753263144269,10.0,0.3594701038310061,0.8681660085900658,1.0,1.0,1.0,0.7980191659082393,1.0,0.47031461562541194,0.9395173767438201,True,0,0.9695173767438201,20
1159_7.png,00051,小刺猬方块木质身体，暖桃米色四乘四格纹侧面，面部被橙色刺毛遮挡，顶部琥珀刺毛，真实棚拍，小刺猬方块木质身体，米桃色格纹木块，微小面部被毛发遮挡，柔和浅景深,1,"[0, 1, 1, 1]",0.5251802206039429,0.6221330165863037,0.03870614990592003,0.19673878597246663,0.3345676768101528,0.6275470874927662,0.07099919633763108,0.9290008036623689,0.9481654046850848,0.7971795515905908,0.7549004350859025,0.5661753263144269,10.0,0.3594701038310061,0.8681660085900658,1.0,1.0,1.0,0.7980191659082393,1.0,0.47031461562541194,0.9395173767438201,True,0,0.9695173767438201,21
1159_7.png,00052,小刺猬方块木质身体，暖桃米色四乘四格纹侧面，面部被橙色刺毛遮挡，顶部琥珀刺毛，真实棚拍，小刺猬方块木质身体，米桃色格纹木块，顶部琥珀色刺毛方帽，真实棚拍物体照,1,"[0, 1, 2, 0]",0.5251802206039429,0.6221330165863037,0.03870614990592003,0.19673878597246663,0.3345676768101528,0.6275470874927662,0.07099919633763108,0.9290008036623689,0.9481654046850848,0.7971795515905908,0.7549004350859025,0.5661753263144269,10.0,0.3594701038310061,0.8681660085900658,1.0,1.0,1.0,0.7980191659082393,1.0,0.47031461562541194,0.9395173767438201,True,0,0.9695173767438201,22
1159_7.png,00053,小刺猬方块木质身体，暖桃米色四乘四格纹侧面，面部被橙色刺毛遮挡，顶部琥珀刺毛，真实棚拍，小刺猬方块木质身体，柔和浅木纹，脸部大多藏在橙色刺毛下，柔和浅景深,1,"[0, 2, 0, 1]",0.5251802206039429,0.6221330165863037,0.03870614990592003,0.19673878597246663,0.3345676768101528,0.6275470874927662,0.07099919633763108,0.9290008036623689,0.9481654046850848,0.7971795515905908,0.7549004350859025,0.5661753263144269,10.0,0.3594701038310061,0.8681660085900658,1.0,1.0,1.0,0.7980191659082393,1.0,0.47031461562541194,0.9395173767438201,True,0,0.9695173767438201,23
1159_7.png,00054,小刺猬方块木质身体，暖桃米色四乘四格纹侧面，面部被橙色刺毛遮挡，顶部琥珀刺毛，真实棚拍，小刺猬方块木质身体，柔和浅木纹，微小面部被毛发遮挡，真实棚拍物体照,1,"[0, 2, 1, 0]",0.5251802206039429,0.6221330165863037,0.03870614990592003,0.19673878597246663,0.3345676768101528,0.6275470874927662,0.07099919633763108,0.9290008036623689,0.9481654046850848,0.7971795515905908,0.7549004350859025,0.5661753263144269,10.0,0.3594701038310061,0.8681660085900658,1.0,1.0,1.0,0.7980191659082393,1.0,0.47031461562541194,0.9395173767438201,True,0,0.9695173767438201,24
1159_7.png,00055,小刺猬方块木质身体，暖桃米色四乘四格纹侧面，面部被橙色刺毛遮挡，顶部琥珀刺毛，真实棚拍，小刺猬方块木质身体，细腻木材纹理，脸部大多藏在橙色刺毛下，真实棚拍物体照,1,"[0, 3, 0, 0]",0.5251802206039429,0.6221330165863037,0.03870614990592003,0.19673878597246663,0.3345676768101528,0.6275470874927662,0.07099919633763108,0.9290008036623689,0.9481654046850848,0.7971795515905908,0.7549004350859025,0.5661753263144269,10.0,0.3594701038310061,0.8681660085900658,1.0,1.0,1.0,0.7980191659082393,1.0,0.47031461562541194,0.9395173767438201,True,0,0.9695173767438201,25
1159_7.png,00056,小刺猬方块木质身体，暖桃米色四乘四格纹侧面，面部被橙色刺毛遮挡，顶部琥珀刺毛，真实棚拍，紧凑立方体木块刺猬，暖桃米色四乘四格纹侧面，脸部大多藏在橙色刺毛下，中性棚拍光,1,"[1, 0, 0, 2]",0.5251802206039429,0.6221330165863037,0.03870614990592003,0.19673878597246663,0.3345676768101528,0.6275470874927662,0.07099919633763108,0.9290008036623689,0.9481654046850848,0.7971795515905908,0.7549004350859025,0.5661753263144269,10.0,0.3594701038310061,0.8681660085900658,1.0,1.0,1.0,0.7980191659082393,1.0,0.47031461562541194,0.9395173767438201,True,0,0.9695173767438201,26
1159_7.png,00057,小刺猬方块木质身体，暖桃米色四乘四格纹侧面，面部被橙色刺毛遮挡，顶部琥珀刺毛，真实棚拍，紧凑立方体木块刺猬，暖桃米色四乘四格纹侧面，微小面部被毛发遮挡，柔和浅景深,1,"[1, 0, 1, 1]",0.5251802206039429,0.6221330165863037,0.03870614990592003,0.19673878597246663,0.3345676768101528,0.6275470874927662,0.07099919633763108,0.9290008036623689,0.9481654046850848,0.7971795515905908,0.7549004350859025,0.5661753263144269,10.0,0.3594701038310061,0.8681660085900658,1.0,1.0,1.0,0.7980191659082393,1.0,0.47031461562541194,0.9395173767438201,True,0,0.9695173767438201,27
1159_7.png,00058,小刺猬方块木质身体，暖桃米色四乘四格纹侧面，面部被橙色刺毛遮挡，顶部琥珀刺毛，真实棚拍，紧凑立方体木块刺猬，暖桃米色四乘四格纹侧面，顶部琥珀色刺毛方帽，真实棚拍物体照,1,"[1, 0, 2, 0]",0.5251802206039429,0.6221330165863037,0.03870614990592003,0.19673878597246663,0.3345676768101528,0.6275470874927662,0.07099919633763108,0.9290008036623689,0.9481654046850848,0.7971795515905908,0.7549004350859025,0.5661753263144269,10.0,0.3594701038310061,0.8681660085900658,1.0,1.0,1.0,0.7980191659082393,1.0,0.47031461562541194,0.9395173767438201,True,0,0.9695173767438201,28
1159_7.png,00059,小刺猬方块木质身体，暖桃米色四乘四格纹侧面，面部被橙色刺毛遮挡，顶部琥珀刺毛，真实棚拍，紧凑立方体木块刺猬，米桃色格纹木块，脸部大多藏在橙色刺毛下，柔和浅景深,1,"[1, 1, 0, 1]",0.5251802206039429,0.6221330165863037,0.03870614990592003,0.19673878597246663,0.3345676768101528,0.6275470874927662,0.07099919633763108,0.9290008036623689,0.9481654046850848,0.7971795515905908,0.7549004350859025,0.5661753263144269,10.0,0.3594701038310061,0.8681660085900658,1.0,1.0,1.0,0.7980191659082393,1.0,0.47031461562541194,0.9395173767438201,True,0,0.9695173767438201,29
1159_7.png,00060,小刺猬方块木质身体，暖桃米色四乘四格纹侧面，面部被橙色刺毛遮挡，顶部琥珀刺毛，真实棚拍，紧凑立方体木块刺猬，米桃色格纹木块，微小面部被毛发遮挡，真实棚拍物体照,1,"[1, 1, 1, 0]",0.5251802206039429,0.6221330165863037,0.03870614990592003,0.19673878597246663,0.3345676768101528,0.6275470874927662,0.07099919633763108,0.9290008036623689,0.9481654046850848,0.7971795515905908,0.7549004350859025,0.5661753263144269,10.0,0.3594701038310061,0.8681660085900658,1.0,1.0,1.0,0.7980191659082393,1.0,0.47031461562541194,0.9395173767438201,True,0,0.9695173767438201,30
1159_7.png,00061,小刺猬方块木质身体，暖桃米色四乘四格纹侧面，面部被橙色刺毛遮挡，顶部琥珀刺毛，真实棚拍，紧凑立方体木块刺猬，柔和浅木纹，脸部大多藏在橙色刺毛下，真实棚拍物体照,1,"[1, 2, 0, 0]",0.5251802206039429,0.6221330165863037,0.03870614990592003,0.19673878597246663,0.3345676768101528,0.6275470874927662,0.07099919633763108,0.9290008036623689,0.9481654046850848,0.7971795515905908,0.7549004350859025,0.5661753263144269,10.0,0.3594701038310061,0.8681660085900658,1.0,1.0,1.0,0.7980191659082393,1.0,0.47031461562541194,0.9395173767438201,True,0,0.9695173767438201,31
1159_7.png,00062,小刺猬方块木质身体，暖桃米色四乘四格纹侧面，面部被橙色刺毛遮挡，顶部琥珀刺毛，真实棚拍，迷你刺猬产品照，暖桃米色四乘四格纹侧面，脸部大多藏在橙色刺毛下，柔和浅景深,1,"[2, 0, 0, 1]",0.5251802206039429,0.6221330165863037,0.03870614990592003,0.19673878597246663,0.3345676768101528,0.6275470874927662,0.07099919633763108,0.9290008036623689,0.9481654046850848,0.7971795515905908,0.7549004350859025,0.5661753263144269,10.0,0.3594701038310061,0.8681660085900658,1.0,1.0,1.0,0.7980191659082393,1.0,0.47031461562541194,0.9395173767438201,True,0,0.9695173767438201,32
1159_7.png,00063,小刺猬方块木质身体，暖桃米色四乘四格纹侧面，面部被橙色刺毛遮挡，顶部琥珀刺毛，真实棚拍，迷你刺猬产品照，暖桃米色四乘四格纹侧面，微小面部被毛发遮挡，真实棚拍物体照,1,"[2, 0, 1, 0]",0.5251802206039429,0.6221330165863037,0.03870614990592003,0.19673878597246663,0.3345676768101528,0.6275470874927662,0.07099919633763108,0.9290008036623689,0.9481654046850848,0.7971795515905908,0.7549004350859025,0.5661753263144269,10.0,0.3594701038310061,0.8681660085900658,1.0,1.0,1.0,0.7980191659082393,1.0,0.47031461562541194,0.9395173767438201,True,0,0.9695173767438201,33
1159_7.png,00064,小刺猬方块木质身体，暖桃米色四乘四格纹侧面，面部被橙色刺毛遮挡，顶部琥珀刺毛，真实棚拍，迷你刺猬产品照，米桃色格纹木块，脸部大多藏在橙色刺毛下，真实棚拍物体照,1,"[2, 1, 0, 0]",0.5251802206039429,0.6221330165863037,0.03870614990592003,0.19673878597246663,0.3345676768101528,0.6275470874927662,0.07099919633763108,0.9290008036623689,0.9481654046850848,0.7971795515905908,0.7549004350859025,0.5661753263144269,10.0,0.3594701038310061,0.8681660085900658,1.0,1.0,1.0,0.7980191659082393,1.0,0.47031461562541194,0.9395173767438201,True,0,0.9695173767438201,34
1159_7.png,00065,小刺猬方块木质身体，暖桃米色四乘四格纹侧面，面部被橙色刺毛遮挡，顶部琥珀刺毛，真实棚拍，棚拍小型立方体角色，暖桃米色四乘四格纹侧面，脸部大多藏在橙色刺毛下，真实棚拍物体照,1,"[3, 0, 0, 0]",0.5251802206039429,0.6221330165863037,0.03870614990592003,0.19673878597246663,0.3345676768101528,0.6275470874927662,0.07099919633763108,0.9290008036623689,0.9481654046850848,0.7971795515905908,0.7549004350859025,0.5661753263144269,10.0,0.3594701038310061,0.8681660085900658,1.0,1.0,1.0,0.7980191659082393,1.0,0.47031461562541194,0.9395173767438201,True,0,0.9695173767438201,35
1159_7.png,00106,小刺猬方块木质身体，暖桃米色四乘四格纹侧面，面部被橙色刺毛遮挡，顶部琥珀刺毛，真实棚拍，小刺猬方块木质身体，暖桃米色四乘四格纹侧面，脸部大多藏在橙色刺毛下，干净白棚背景,1,"[0, 0, 0, 4]",0.5251802206039429,0.6221330165863037,0.03870614990592003,0.19673878597246663,0.3345676768101528,0.6275470874927662,0.07099919633763108,0.9290008036623689,0.9481654046850848,0.7971795515905908,0.7549004350859025,0.5661753263144269,10.0,0.3594701038310061,0.8681660085900658,1.0,1.0,1.0,0.7980191659082393,1.0,0.47031461562541194,0.9395173767438201,True,0,0.9695173767438201,36
1159_7.png,00107,小刺猬方块木质身体，暖桃米色四乘四格纹侧面，面部被橙色刺毛遮挡，顶部琥珀刺毛，真实棚拍，小刺猬方块木质身体，暖桃米色四乘四格纹侧面，微小面部被毛发遮挡，产品摄影风格,1,"[0, 0, 1, 3]",0.5251802206039429,0.6221330165863037,0.03870614990592003,0.19673878597246663,0.3345676768101528,0.6275470874927662,0.07099919633763108,0.9290008036623689,0.9481654046850848,0.7971795515905908,0.7549004350859025,0.5661753263144269,10.0,0.3594701038310061,0.8681660085900658,1.0,1.0,1.0,0.7980191659082393,1.0,0.47031461562541194,0.9395173767438201,True,0,0.9695173767438201,37
1159_7.png,00108,小刺猬方块木质身体，暖桃米色四乘四格纹侧面，面部被橙色刺毛遮挡，顶部琥珀刺毛，真实棚拍，小刺猬方块木质身体，暖桃米色四乘四格纹侧面，顶部琥珀色刺毛方帽，中性棚拍光,1,"[0, 0, 2, 2]",0.5251802206039429,0.6221330165863037,0.03870614990592003,0.19673878597246663,0.3345676768101528,0.6275470874927662,0.07099919633763108,0.9290008036623689,0.9481654046850848,0.7971795515905908,0.7549004350859025,0.5661753263144269,10.0,0.3594701038310061,0.8681660085900658,1.0,1.0,1.0,0.7980191659082393,1.0,0.47031461562541194,0.9395173767438201,True,0,0.9695173767438201,38
1159_7.png,00109,小刺猬方块木质身体，暖桃米色四乘四格纹侧面，面部被橙色刺毛遮挡，顶部琥珀刺毛，真实棚拍，小刺猬方块木质身体，暖桃米色四乘四格纹侧面，顶部低矮刺毛层，柔和浅景深,1,"[0, 0, 3, 1]",0.5251802206039429,0.6221330165863037,0.03870614990592003,0.19673878597246663,0.3345676768101528,0.6275470874927662,0.07099919633763108,0.9290008036623689,0.9481654046850848,0.7971795515905908,0.7549004350859025,0.5661753263144269,10.0,0.3594701038310061,0.8681660085900658,1.0,1.0,1.0,0.7980191659082393,1.0,0.47031461562541194,0.9395173767438201,True,0,0.9695173767438201,39
1159_7.png,00110,小刺猬方块木质身体，暖桃米色四乘四格纹侧面，面部被橙色刺毛遮挡，顶部琥珀刺毛，真实棚拍，小刺猬方块木质身体，暖桃米色四乘四格纹侧面，顶部刺毛更整齐，真实棚拍物体照,1,"[0, 0, 4, 0]",0.5251802206039429,0.6221330165863037,0.03870614990592003,0.19673878597246663,0.3345676768101528,0.6275470874927662,0.07099919633763108,0.9290008036623689,0.9481654046850848,0.7971795515905908,0.7549004350859025,0.5661753263144269,10.0,0.3594701038310061,0.8681660085900658,1.0,1.0,1.0,0.7980191659082393,1.0,0.47031461562541194,0.9395173767438201,True,0,0.9695173767438201,40
1159_7.png,00111,小刺猬方块木质身体，暖桃米色四乘四格纹侧面，面部被橙色刺毛遮挡，顶部琥珀刺毛，真实棚拍，小刺猬方块木质身体，米桃色格纹木块，脸部大多藏在橙色刺毛下，产品摄影风格,1,"[0, 1, 0, 3]",0.5251802206039429,0.6221330165863037,0.03870614990592003,0.19673878597246663,0.3345676768101528,0.6275470874927662,0.07099919633763108,0.9290008036623689,0.9481654046850848,0.7971795515905908,0.7549004350859025,0.5661753263144269,10.0,0.3594701038310061,0.8681660085900658,1.0,1.0,1.0,0.7980191659082393,1.0,0.47031461562541194,0.9395173767438201,True,0,0.9695173767438201,41
1159_7.png,00112,小刺猬方块木质身体，暖桃米色四乘四格纹侧面，面部被橙色刺毛遮挡，顶部琥珀刺毛，真实棚拍，小刺猬方块木质身体，米桃色格纹木块，微小面部被毛发遮挡，中性棚拍光,1,"[0, 1, 1, 2]",0.5251802206039429,0.6221330165863037,0.03870614990592003,0.19673878597246663,0.3345676768101528,0.6275470874927662,0.07099919633763108,0.9290008036623689,0.9481654046850848,0.7971795515905908,0.7549004350859025,0.5661753263144269,10.0,0.3594701038310061,0.8681660085900658,1.0,1.0,1.0,0.7980191659082393,1.0,0.47031461562541194,0.9395173767438201,True,0,0.9695173767438201,42
1159_7.png,00113,小刺猬方块木质身体，暖桃米色四乘四格纹侧面，面部被橙色刺毛遮挡，顶部琥珀刺毛，真实棚拍，小刺猬方块木质身体，米桃色格纹木块，顶部琥珀色刺毛方帽，柔和浅景深,1,"[0, 1, 2, 1]",0.5251802206039429,0.6221330165863037,0.03870614990592003,0.19673878597246663,0.3345676768101528,0.6275470874927662,0.07099919633763108,0.9290008036623689,0.9481654046850848,0.7971795515905908,0.7549004350859025,0.5661753263144269,10.0,0.3594701038310061,0.8681660085900658,1.0,1.0,1.0,0.7980191659082393,1.0,0.47031461562541194,0.9395173767438201,True,0,0.9695173767438201,43
1159_7.png,00114,小刺猬方块木质身体，暖桃米色四乘四格纹侧面，面部被橙色刺毛遮挡，顶部琥珀刺毛，真实棚拍，小刺猬方块木质身体，米桃色格纹木块，顶部低矮刺毛层，真实棚拍物体照,1,"[0, 1, 3, 0]",0.5251802206039429,0.6221330165863037,0.03870614990592003,0.19673878597246663,0.3345676768101528,0.6275470874927662,0.07099919633763108,0.9290008036623689,0.9481654046850848,0.7971795515905908,0.7549004350859025,0.5661753263144269,10.0,0.3594701038310061,0.8681660085900658,1.0,1.0,1.0,0.7980191659082393,1.0,0.47031461562541194,0.9395173767438201,True,0,0.9695173767438201,44
1159_7.png,00115,小刺猬方块木质身体，暖桃米色四乘四格纹侧面，面部被橙色刺毛遮挡，顶部琥珀刺毛，真实棚拍，小刺猬方块木质身体，柔和浅木纹，脸部大多藏在橙色刺毛下，中性棚拍光,1,"[0, 2, 0, 2]",0.5251802206039429,0.6221330165863037,0.03870614990592003,0.19673878597246663,0.3345676768101528,0.6275470874927662,0.07099919633763108,0.9290008036623689,0.9481654046850848,0.7971795515905908,0.7549004350859025,0.5661753263144269,10.0,0.3594701038310061,0.8681660085900658,1.0,1.0,1.0,0.7980191659082393,1.0,0.47031461562541194,0.9395173767438201,True,0,0.9695173767438201,45
1159_7.png,00116,小刺猬方块木质身体，暖桃米色四乘四格纹侧面，面部被橙色刺毛遮挡，顶部琥珀刺毛，真实棚拍，小刺猬方块木质身体，柔和浅木纹，微小面部被毛发遮挡，柔和浅景深,1,"[0, 2, 1, 1]",0.5251802206039429,0.6221330165863037,0.03870614990592003,0.19673878597246663,0.3345676768101528,0.6275470874927662,0.07099919633763108,0.9290008036623689,0.9481654046850848,0.7971795515905908,0.7549004350859025,0.5661753263144269,10.0,0.3594701038310061,0.8681660085900658,1.0,1.0,1.0,0.7980191659082393,1.0,0.47031461562541194,0.9395173767438201,True,0,0.9695173767438201,46
1159_7.png,00117,小刺猬方块木质身体，暖桃米色四乘四格纹侧面，面部被橙色刺毛遮挡，顶部琥珀刺毛，真实棚拍，小刺猬方块木质身体，柔和浅木纹，顶部琥珀色刺毛方帽，真实棚拍物体照,1,"[0, 2, 2, 0]",0.5251802206039429,0.6221330165863037,0.03870614990592003,0.19673878597246663,0.3345676768101528,0.6275470874927662,0.07099919633763108,0.9290008036623689,0.9481654046850848,0.7971795515905908,0.7549004350859025,0.5661753263144269,10.0,0.3594701038310061,0.8681660085900658,1.0,1.0,1.0,0.7980191659082393,1.0,0.47031461562541194,0.9395173767438201,True,0,0.9695173767438201,47
1159_7.png,00118,小刺猬方块木质身体，暖桃米色四乘四格纹侧面，面部被橙色刺毛遮挡，顶部琥珀刺毛，真实棚拍，小刺猬方块木质身体，细腻木材纹理，脸部大多藏在橙色刺毛下，柔和浅景深,1,"[0, 3, 0, 1]",0.5251802206039429,0.6221330165863037,0.03870614990592003,0.19673878597246663,0.3345676768101528,0.6275470874927662,0.07099919633763108,0.9290008036623689,0.9481654046850848,0.7971795515905908,0.7549004350859025,0.5661753263144269,10.0,0.3594701038310061,0.8681660085900658,1.0,1.0,1.0,0.7980191659082393,1.0,0.47031461562541194,0.9395173767438201,True,0,0.9695173767438201,48
1159_7.png,00119,小刺猬方块木质身体，暖桃米色四乘四格纹侧面，面部被橙色刺毛遮挡，顶部琥珀刺毛，真实棚拍，小刺猬方块木质身体，细腻木材纹理，微小面部被毛发遮挡，真实棚拍物体照,1,"[0, 3, 1, 0]",0.5251802206039429,0.6221330165863037,0.03870614990592003,0.19673878597246663,0.3345676768101528,0.6275470874927662,0.07099919633763108,0.9290008036623689,0.9481654046850848,0.7971795515905908,0.7549004350859025,0.5661753263144269,10.0,0.3594701038310061,0.8681660085900658,1.0,1.0,1.0,0.7980191659082393,1.0,0.47031461562541194,0.9395173767438201,True,0,0.9695173767438201,49
1159_7.png,00120,小刺猬方块木质身体，暖桃米色四乘四格纹侧面，面部被橙色刺毛遮挡，顶部琥珀刺毛，真实棚拍，小刺猬方块木质身体，哑光木质触感，脸部大多藏在橙色刺毛下，真实棚拍物体照,1,"[0, 4, 0, 0]",0.5251802206039429,0.6221330165863037,0.03870614990592003,0.19673878597246663,0.3345676768101528,0.6275470874927662,0.07099919633763108,0.9290008036623689,0.9481654046850848,0.7971795515905908,0.7549004350859025,0.5661753263144269,10.0,0.3594701038310061,0.8681660085900658,1.0,1.0,1.0,0.7980191659082393,1.0,0.47031461562541194,0.9395173767438201,True,0,0.9695173767438201,50
1159_7.png,00121,小刺猬方块木质身体，暖桃米色四乘四格纹侧面，面部被橙色刺毛遮挡，顶部琥珀刺毛，真实棚拍，紧凑立方体木块刺猬，暖桃米色四乘四格纹侧面，脸部大多藏在橙色刺毛下，产品摄影风格,1,"[1, 0, 0, 3]",0.5251802206039429,0.6221330165863037,0.03870614990592003,0.19673878597246663,0.3345676768101528,0.6275470874927662,0.07099919633763108,0.9290008036623689,0.9481654046850848,0.7971795515905908,0.7549004350859025,0.5661753263144269,10.0,0.3594701038310061,0.8681660085900658,1.0,1.0,1.0,0.7980191659082393,1.0,0.47031461562541194,0.9395173767438201,True,0,0.9695173767438201,51
1159_7.png,00122,小刺猬方块木质身体，暖桃米色四乘四格纹侧面，面部被橙色刺毛遮挡，顶部琥珀刺毛，真实棚拍，紧凑立方体木块刺猬，暖桃米色四乘四格纹侧面，微小面部被毛发遮挡，中性棚拍光,1,"[1, 0, 1, 2]",0.5251802206039429,0.6221330165863037,0.03870614990592003,0.19673878597246663,0.3345676768101528,0.6275470874927662,0.07099919633763108,0.9290008036623689,0.9481654046850848,0.7971795515905908,0.7549004350859025,0.5661753263144269,10.0,0.3594701038310061,0.8681660085900658,1.0,1.0,1.0,0.7980191659082393,1.0,0.47031461562541194,0.9395173767438201,True,0,0.9695173767438201,52
1159_7.png,00123,小刺猬方块木质身体，暖桃米色四乘四格纹侧面，面部被橙色刺毛遮挡，顶部琥珀刺毛，真实棚拍，紧凑立方体木块刺猬，暖桃米色四乘四格纹侧面，顶部琥珀色刺毛方帽，柔和浅景深,1,"[1, 0, 2, 1]",0.5251802206039429,0.6221330165863037,0.03870614990592003,0.19673878597246663,0.3345676768101528,0.6275470874927662,0.07099919633763108,0.9290008036623689,0.9481654046850848,0.7971795515905908,0.7549004350859025,0.5661753263144269,10.0,0.3594701038310061,0.8681660085900658,1.0,1.0,1.0,0.7980191659082393,1.0,0.47031461562541194,0.9395173767438201,True,0,0.9695173767438201,53
1159_7.png,00124,小刺猬方块木质身体，暖桃米色四乘四格纹侧面，面部被橙色刺毛遮挡，顶部琥珀刺毛，真实棚拍，紧凑立方体木块刺猬，暖桃米色四乘四格纹侧面，顶部低矮刺毛层，真实棚拍物体照,1,"[1, 0, 3, 0]",0.5251802206039429,0.6221330165863037,0.03870614990592003,0.19673878597246663,0.3345676768101528,0.6275470874927662,0.07099919633763108,0.9290008036623689,0.9481654046850848,0.7971795515905908,0.7549004350859025,0.5661753263144269,10.0,0.3594701038310061,0.8681660085900658,1.0,1.0,1.0,0.7980191659082393,1.0,0.47031461562541194,0.9395173767438201,True,0,0.9695173767438201,54
1159_7.png,00125,小刺猬方块木质身体，暖桃米色四乘四格纹侧面，面部被橙色刺毛遮挡，顶部琥珀刺毛，真实棚拍，紧凑立方体木块刺猬，米桃色格纹木块，脸部大多藏在橙色刺毛下，中性棚拍光,1,"[1, 1, 0, 2]",0.5251802206039429,0.6221330165863037,0.03870614990592003,0.19673878597246663,0.3345676768101528,0.6275470874927662,0.07099919633763108,0.9290008036623689,0.9481654046850848,0.7971795515905908,0.7549004350859025,0.5661753263144269,10.0,0.3594701038310061,0.8681660085900658,1.0,1.0,1.0,0.7980191659082393,1.0,0.47031461562541194,0.9395173767438201,True,0,0.9695173767438201,55
1159_7.png,00126,小刺猬方块木质身体，暖桃米色四乘四格纹侧面，面部被橙色刺毛遮挡，顶部琥珀刺毛，真实棚拍，紧凑立方体木块刺猬，米桃色格纹木块，微小面部被毛发遮挡，柔和浅景深,1,"[1, 1, 1, 1]",0.5251802206039429,0.6221330165863037,0.03870614990592003,0.19673878597246663,0.3345676768101528,0.6275470874927662,0.07099919633763108,0.9290008036623689,0.9481654046850848,0.7971795515905908,0.7549004350859025,0.5661753263144269,10.0,0.3594701038310061,0.8681660085900658,1.0,1.0,1.0,0.7980191659082393,1.0,0.47031461562541194,0.9395173767438201,True,0,0.9695173767438201,56
1159_7.png,00127,小刺猬方块木质身体，暖桃米色四乘四格纹侧面，面部被橙色刺毛遮挡，顶部琥珀刺毛，真实棚拍，紧凑立方体木块刺猬，米桃色格纹木块，顶部琥珀色刺毛方帽，真实棚拍物体照,1,"[1, 1, 2, 0]",0.5251802206039429,0.6221330165863037,0.03870614990592003,0.19673878597246663,0.3345676768101528,0.6275470874927662,0.07099919633763108,0.9290008036623689,0.9481654046850848,0.7971795515905908,0.7549004350859025,0.5661753263144269,10.0,0.3594701038310061,0.8681660085900658,1.0,1.0,1.0,0.7980191659082393,1.0,0.47031461562541194,0.9395173767438201,True,0,0.9695173767438201,57
1159_7.png,00128,小刺猬方块木质身体，暖桃米色四乘四格纹侧面，面部被橙色刺毛遮挡，顶部琥珀刺毛，真实棚拍，紧凑立方体木块刺猬，柔和浅木纹，脸部大多藏在橙色刺毛下，柔和浅景深,1,"[1, 2, 0, 1]",0.5251802206039429,0.6221330165863037,0.03870614990592003,0.19673878597246663,0.3345676768101528,0.6275470874927662,0.07099919633763108,0.9290008036623689,0.9481654046850848,0.7971795515905908,0.7549004350859025,0.5661753263144269,10.0,0.3594701038310061,0.8681660085900658,1.0,1.0,1.0,0.7980191659082393,1.0,0.47031461562541194,0.9395173767438201,True,0,0.9695173767438201,58
1159_7.png,00129,小刺猬方块木质身体，暖桃米色四乘四格纹侧面，面部被橙色刺毛遮挡，顶部琥珀刺毛，真实棚拍，紧凑立方体木块刺猬，柔和浅木纹，微小面部被毛发遮挡，真实棚拍物体照,1,"[1, 2, 1, 0]",0.5251802206039429,0.6221330165863037,0.03870614990592003,0.19673878597246663,0.3345676768101528,0.6275470874927662,0.07099919633763108,0.9290008036623689,0.9481654046850848,0.7971795515905908,0.7549004350859025,0.5661753263144269,10.0,0.3594701038310061,0.8681660085900658,1.0,1.0,1.0,0.7980191659082393,1.0,0.47031461562541194,0.9395173767438201,True,0,0.9695173767438201,59
1159_7.png,00130,小刺猬方块木质身体，暖桃米色四乘四格纹侧面，面部被橙色刺毛遮挡，顶部琥珀刺毛，真实棚拍，紧凑立方体木块刺猬，细腻木材纹理，脸部大多藏在橙色刺毛下，真实棚拍物体照,1,"[1, 3, 0, 0]",0.5251802206039429,0.6221330165863037,0.03870614990592003,0.19673878597246663,0.3345676768101528,0.6275470874927662,0.07099919633763108,0.9290008036623689,0.9481654046850848,0.7971795515905908,0.7549004350859025,0.5661753263144269,10.0,0.3594701038310061,0.8681660085900658,1.0,1.0,1.0,0.7980191659082393,1.0,0.47031461562541194,0.9395173767438201,True,0,0.9695173767438201,60
1159_7.png,00131,小刺猬方块木质身体，暖桃米色四乘四格纹侧面，面部被橙色刺毛遮挡，顶部琥珀刺毛，真实棚拍，迷你刺猬产品照，暖桃米色四乘四格纹侧面，脸部大多藏在橙色刺毛下，中性棚拍光,1,"[2, 0, 0, 2]",0.5251802206039429,0.6221330165863037,0.03870614990592003,0.19673878597246663,0.3345676768101528,0.6275470874927662,0.07099919633763108,0.9290008036623689,0.9481654046850848,0.7971795515905908,0.7549004350859025,0.5661753263144269,10.0,0.3594701038310061,0.8681660085900658,1.0,1.0,1.0,0.7980191659082393,1.0,0.47031461562541194,0.9395173767438201,True,0,0.9695173767438201,61
1159_7.png,00132,小刺猬方块木质身体，暖桃米色四乘四格纹侧面，面部被橙色刺毛遮挡，顶部琥珀刺毛，真实棚拍，迷你刺猬产品照，暖桃米色四乘四格纹侧面，微小面部被毛发遮挡，柔和浅景深,1,"[2, 0, 1, 1]",0.5251802206039429,0.6221330165863037,0.03870614990592003,0.19673878597246663,0.3345676768101528,0.6275470874927662,0.07099919633763108,0.9290008036623689,0.9481654046850848,0.7971795515905908,0.7549004350859025,0.5661753263144269,10.0,0.3594701038310061,0.8681660085900658,1.0,1.0,1.0,0.7980191659082393,1.0,0.47031461562541194,0.9395173767438201,True,0,0.9695173767438201,62
1159_7.png,00133,小刺猬方块木质身体，暖桃米色四乘四格纹侧面，面部被橙色刺毛遮挡，顶部琥珀刺毛，真实棚拍，迷你刺猬产品照，暖桃米色四乘四格纹侧面，顶部琥珀色刺毛方帽，真实棚拍物体照,1,"[2, 0, 2, 0]",0.5251802206039429,0.6221330165863037,0.03870614990592003,0.19673878597246663,0.3345676768101528,0.6275470874927662,0.07099919633763108,0.9290008036623689,0.9481654046850848,0.7971795515905908,0.7549004350859025,0.5661753263144269,10.0,0.3594701038310061,0.8681660085900658,1.0,1.0,1.0,0.7980191659082393,1.0,0.47031461562541194,0.9395173767438201,True,0,0.9695173767438201,63
1159_7.png,00134,小刺猬方块木质身体，暖桃米色四乘四格纹侧面，面部被橙色刺毛遮挡，顶部琥珀刺毛，真实棚拍，迷你刺猬产品照，米桃色格纹木块，脸部大多藏在橙色刺毛下，柔和浅景深,1,"[2, 1, 0, 1]",0.5251802206039429,0.6221330165863037,0.03870614990592003,0.19673878597246663,0.3345676768101528,0.6275470874927662,0.07099919633763108,0.9290008036623689,0.9481654046850848,0.7971795515905908,0.7549004350859025,0.5661753263144269,10.0,0.3594701038310061,0.8681660085900658,1.0,1.0,1.0,0.7980191659082393,1.0,0.47031461562541194,0.9395173767438201,True,0,0.9695173767438201,64
1159_7.png,00135,小刺猬方块木质身体，暖桃米色四乘四格纹侧面，面部被橙色刺毛遮挡，顶部琥珀刺毛，真实棚拍，迷你刺猬产品照，米桃色格纹木块，微小面部被毛发遮挡，真实棚拍物体照,1,"[2, 1, 1, 0]",0.5251802206039429,0.6221330165863037,0.03870614990592003,0.19673878597246663,0.3345676768101528,0.6275470874927662,0.07099919633763108,0.9290008036623689,0.9481654046850848,0.7971795515905908,0.7549004350859025,0.5661753263144269,10.0,0.3594701038310061,0.8681660085900658,1.0,1.0,1.0,0.7980191659082393,1.0,0.47031461562541194,0.9395173767438201,True,0,0.9695173767438201,65
1159_7.png,00136,小刺猬方块木质身体，暖桃米色四乘四格纹侧面，面部被橙色刺毛遮挡，顶部琥珀刺毛，真实棚拍，迷你刺猬产品照，柔和浅木纹，脸部大多藏在橙色刺毛下，真实棚拍物体照,1,"[2, 2, 0, 0]",0.5251802206039429,0.6221330165863037,0.03870614990592003,0.19673878597246663,0.3345676768101528,0.6275470874927662,0.07099919633763108,0.9290008036623689,0.9481654046850848,0.7971795515905908,0.7549004350859025,0.5661753263144269,10.0,0.3594701038310061,0.8681660085900658,1.0,1.0,1.0,0.7980191659082393,1.0,0.47031461562541194,0.9395173767438201,True,0,0.9695173767438201,66
1159_7.png,00137,小刺猬方块木质身体，暖桃米色四乘四格纹侧面，面部被橙色刺毛遮挡，顶部琥珀刺毛，真实棚拍，棚拍小型立方体角色，暖桃米色四乘四格纹侧面，脸部大多藏在橙色刺毛下，柔和浅景深,1,"[3, 0, 0, 1]",0.5251802206039429,0.6221330165863037,0.03870614990592003,0.19673878597246663,0.3345676768101528,0.6275470874927662,0.07099919633763108,0.9290008036623689,0.9481654046850848,0.7971795515905908,0.7549004350859025,0.5661753263144269,10.0,0.3594701038310061,0.8681660085900658,1.0,1.0,1.0,0.7980191659082393,1.0,0.47031461562541194,0.9395173767438201,True,0,0.9695173767438201,67
1159_7.png,00138,小刺猬方块木质身体，暖桃米色四乘四格纹侧面，面部被橙色刺毛遮挡，顶部琥珀刺毛，真实棚拍，棚拍小型立方体角色，暖桃米色四乘四格纹侧面，微小面部被毛发遮挡，真实棚拍物体照,1,"[3, 0, 1, 0]",0.5251802206039429,0.6221330165863037,0.03870614990592003,0.19673878597246663,0.3345676768101528,0.6275470874927662,0.07099919633763108,0.9290008036623689,0.9481654046850848,0.7971795515905908,0.7549004350859025,0.5661753263144269,10.0,0.3594701038310061,0.8681660085900658,1.0,1.0,1.0,0.7980191659082393,1.0,0.47031461562541194,0.9395173767438201,True,0,0.9695173767438201,68
1159_7.png,00139,小刺猬方块木质身体，暖桃米色四乘四格纹侧面，面部被橙色刺毛遮挡，顶部琥珀刺毛，真实棚拍，棚拍小型立方体角色，米桃色格纹木块，脸部大多藏在橙色刺毛下，真实棚拍物体照,1,"[3, 1, 0, 0]",0.5251802206039429,0.6221330165863037,0.03870614990592003,0.19673878597246663,0.3345676768101528,0.6275470874927662,0.07099919633763108,0.9290008036623689,0.9481654046850848,0.7971795515905908,0.7549004350859025,0.5661753263144269,10.0,0.3594701038310061,0.8681660085900658,1.0,1.0,1.0,0.7980191659082393,1.0,0.47031461562541194,0.9395173767438201,True,0,0.9695173767438201,69
1159_7.png,00140,小刺猬方块木质身体，暖桃米色四乘四格纹侧面，面部被橙色刺毛遮挡，顶部琥珀刺毛，真实棚拍，木块主体更规整，暖桃米色四乘四格纹侧面，脸部大多藏在橙色刺毛下，真实棚拍物体照,1,"[4, 0, 0, 0]",0.5251802206039429,0.6221330165863037,0.03870614990592003,0.19673878597246663,0.3345676768101528,0.6275470874927662,0.07099919633763108,0.9290008036623689,0.9481654046850848,0.7971795515905908,0.7549004350859025,0.5661753263144269,10.0,0.3594701038310061,0.8681660085900658,1.0,1.0,1.0,0.7980191659082393,1.0,0.47031461562541194,0.9395173767438201,True,0,0.9695173767438201,70
1159_7.png,00002,紧凑立方体木块刺猬，微小面部隐藏在刺毛下，顶部低矮方形刺毛帽，浅景深产品照，小刺猬方块木质身体，暖桃米色四乘四格纹侧面，脸部大多藏在橙色刺毛下，真实棚拍物体照,2,"[0, 0, 0, 0]",0.5270847678184509,0.822073221206665,0.06478293985128403,0.25452492972454394,0.2471580790344413,0.5011856644241898,0.08349331633649863,0.9165066836635014,0.9388978377917853,0.734090455831468,0.7042534072961181,0.5281900554720885,7.0,0.3628127696289905,1.0,0.21528501021352486,0.0,0.4474964981355501,0.0,0.565898961799186,0.0,0.31927932364612227,True,0,0.34927932364612224,71
1159_7.png,00008,紧凑立方体木块刺猬，微小面部隐藏在刺毛下，顶部低矮方形刺毛帽，浅景深产品照，小刺猬方块木质身体，暖桃米色四乘四格纹侧面，脸部大多藏在橙色刺毛下，柔和浅景深,2,"[0, 0, 0, 1]",0.5270847678184509,0.822073221206665,0.06478293985128403,0.25452492972454394,0.2471580790344413,0.5011856644241898,0.08349331633649863,0.9165066836635014,0.9388978377917853,0.734090455831468,0.7042534072961181,0.5281900554720885,7.0,0.3628127696289905,1.0,0.21528501021352486,0.0,0.4474964981355501,0.0,0.565898961799186,0.0,0.31927932364612227,True,0,0.34927932364612224,72
1159_7.png,00009,紧凑立方体木块刺猬，微小面部隐藏在刺毛下，顶部低矮方形刺毛帽，浅景深产品照，小刺猬方块木质身体，暖桃米色四乘四格纹侧面，微小面部被毛发遮挡，真实棚拍物体照,2,"[0, 0, 1, 0]",0.5270847678184509,0.822073221206665,0.06478293985128403,0.25452492972454394,0.2471580790344413,0.5011856644241898,0.08349331633649863,0.9165066836635014,0.9388978377917853,0.734090455831468,0.7042534072961181,0.5281900554720885,7.0,0.3628127696289905,1.0,0.21528501021352486,0.0,0.4474964981355501,0.0,0.565898961799186,0.0,0.31927932364612227,True,0,0.34927932364612224,73
1159_7.png,00010,紧凑立方体木块刺猬，微小面部隐藏在刺毛下，顶部低矮方形刺毛帽，浅景深产品照，小刺猬方块木质身体，米桃色格纹木块，脸部大多藏在橙色刺毛下，真实棚拍物体照,2,"[0, 1, 0, 0]",0.5270847678184509,0.822073221206665,0.06478293985128403,0.25452492972454394,0.2471580790344413,0.5011856644241898,0.08349331633649863,0.9165066836635014,0.9388978377917853,0.734090455831468,0.7042534072961181,0.5281900554720885,7.0,0.3628127696289905,1.0,0.21528501021352486,0.0,0.4474964981355501,0.0,0.565898961799186,0.0,0.31927932364612227,True,0,0.34927932364612224,74
1159_7.png,00011,紧凑立方体木块刺猬，微小面部隐藏在刺毛下，顶部低矮方形刺毛帽，浅景深产品照，紧凑立方体木块刺猬，暖桃米色四乘四格纹侧面，脸部大多藏在橙色刺毛下，真实棚拍物体照,2,"[1, 0, 0, 0]",0.5270847678184509,0.822073221206665,0.06478293985128403,0.25452492972454394,0.2471580790344413,0.5011856644241898,0.08349331633649863,0.9165066836635014,0.9388978377917853,0.734090455831468,0.7042534072961181,0.5281900554720885,7.0,0.3628127696289905,1.0,0.21528501021352486,0.0,0.4474964981355501,0.0,0.565898961799186,0.0,0.31927932364612227,True,0,0.34927932364612224,75
1159_7.png,00026,紧凑立方体木块刺猬，微小面部隐藏在刺毛下，顶部低矮方形刺毛帽，浅景深产品照，小刺猬方块木质身体，暖桃米色四乘四格纹侧面，脸部大多藏在橙色刺毛下，中性棚拍光,2,"[0, 0, 0, 2]",0.5270847678184509,0.822073221206665,0.06478293985128403,0.25452492972454394,0.2471580790344413,0.5011856644241898,0.08349331633649863,0.9165066836635014,0.9388978377917853,0.734090455831468,0.7042534072961181,0.5281900554720885,7.0,0.3628127696289905,1.0,0.21528501021352486,0.0,0.4474964981355501,0.0,0.565898961799186,0.0,0.31927932364612227,True,0,0.34927932364612224,76
1159_7.png,00027,紧凑立方体木块刺猬，微小面部隐藏在刺毛下，顶部低矮方形刺毛帽，浅景深产品照，小刺猬方块木质身体，暖桃米色四乘四格纹侧面，微小面部被毛发遮挡，柔和浅景深,2,"[0, 0, 1, 1]",0.5270847678184509,0.822073221206665,0.06478293985128403,0.25452492972454394,0.2471580790344413,0.5011856644241898,0.08349331633649863,0.9165066836635014,0.9388978377917853,0.734090455831468,0.7042534072961181,0.5281900554720885,7.0,0.3628127696289905,1.0,0.21528501021352486,0.0,0.4474964981355501,0.0,0.565898961799186,0.0,0.31927932364612227,True,0,0.34927932364612224,77
1159_7.png,00028,紧凑立方体木块刺猬，微小面部隐藏在刺毛下，顶部低矮方形刺毛帽，浅景深产品照，小刺猬方块木质身体，暖桃米色四乘四格纹侧面，顶部琥珀色刺毛方帽，真实棚拍物体照,2,"[0, 0, 2, 0]",0.5270847678184509,0.822073221206665,0.06478293985128403,0.25452492972454394,0.2471580790344413,0.5011856644241898,0.08349331633649863,0.9165066836635014,0.9388978377917853,0.734090455831468,0.7042534072961181,0.5281900554720885,7.0,0.3628127696289905,1.0,0.21528501021352486,0.0,0.4474964981355501,0.0,0.565898961799186,0.0,0.31927932364612227,True,0,0.34927932364612224,78
1159_7.png,00029,紧凑立方体木块刺猬，微小面部隐藏在刺毛下，顶部低矮方形刺毛帽，浅景深产品照，小刺猬方块木质身体，米桃色格纹木块，脸部大多藏在橙色刺毛下，柔和浅景深,2,"[0, 1, 0, 1]",0.5270847678184509,0.822073221206665,0.06478293985128403,0.25452492972454394,0.2471580790344413,0.5011856644241898,0.08349331633649863,0.9165066836635014,0.9388978377917853,0.734090455831468,0.7042534072961181,0.5281900554720885,7.0,0.3628127696289905,1.0,0.21528501021352486,0.0,0.4474964981355501,0.0,0.565898961799186,0.0,0.31927932364612227,True,0,0.34927932364612224,79
1159_7.png,00030,紧凑立方体木块刺猬，微小面部隐藏在刺毛下，顶部低矮方形刺毛帽，浅景深产品照，小刺猬方块木质身体，米桃色格纹木块，微小面部被毛发遮挡，真实棚拍物体照,2,"[0, 1, 1, 0]",0.5270847678184509,0.822073221206665,0.06478293985128403,0.25452492972454394,0.2471580790344413,0.5011856644241898,0.08349331633649863,0.9165066836635014,0.9388978377917853,0.734090455831468,0.7042534072961181,0.5281900554720885,7.0,0.3628127696289905,1.0,0.21528501021352486,0.0,0.4474964981355501,0.0,0.565898961799186,0.0,0.31927932364612227,True,0,0.34927932364612224,80
1159_7.png,00031,紧凑立方体木块刺猬，微小面部隐藏在刺毛下，顶部低矮方形刺毛帽，浅景深产品照，小刺猬方块木质身体，柔和浅木纹，脸部大多藏在橙色刺毛下，真实棚拍物体照,2,"[0, 2, 0, 0]",0.5270847678184509,0.822073221206665,0.06478293985128403,0.25452492972454394,0.2471580790344413,0.5011856644241898,0.08349331633649863,0.9165066836635014,0.9388978377917853,0.734090455831468,0.7042534072961181,0.5281900554720885,7.0,0.3628127696289905,1.0,0.21528501021352486,0.0,0.4474964981355501,0.0,0.565898961799186,0.0,0.31927932364612227,True,0,0.34927932364612224,81
1159_7.png,00032,紧凑立方体木块刺猬，微小面部隐藏在刺毛下，顶部低矮方形刺毛帽，浅景深产品照，紧凑立方体木块刺猬，暖桃米色四乘四格纹侧面，脸部大多藏在橙色刺毛下，柔和浅景深,2,"[1, 0, 0, 1]",0.5270847678184509,0.822073221206665,0.06478293985128403,0.25452492972454394,0.2471580790344413,0.5011856644241898,0.08349331633649863,0.9165066836635014,0.9388978377917853,0.734090455831468,0.7042534072961181,0.5281900554720885,7.0,0.3628127696289905,1.0,0.21528501021352486,0.0,0.4474964981355501,0.0,0.565898961799186,0.0,0.31927932364612227,True,0,0.34927932364612224,82
1159_7.png,00033,紧凑立方体木块刺猬，微小面部隐藏在刺毛下，顶部低矮方形刺毛帽，浅景深产品照，紧凑立方体木块刺猬，暖桃米色四乘四格纹侧面，微小面部被毛发遮挡，真实棚拍物体照,2,"[1, 0, 1, 0]",0.5270847678184509,0.822073221206665,0.06478293985128403,0.25452492972454394,0.2471580790344413,0.5011856644241898,0.08349331633649863,0.9165066836635014,0.9388978377917853,0.734090455831468,0.7042534072961181,0.5281900554720885,7.0,0.3628127696289905,1.0,0.21528501021352486,0.0,0.4474964981355501,0.0,0.565898961799186,0.0,0.31927932364612227,True,0,0.34927932364612224,83
1159_7.png,00034,紧凑立方体木块刺猬，微小面部隐藏在刺毛下，顶部低矮方形刺毛帽，浅景深产品照，紧凑立方体木块刺猬，米桃色格纹木块，脸部大多藏在橙色刺毛下，真实棚拍物体照,2,"[1, 1, 0, 0]",0.5270847678184509,0.822073221206665,0.06478293985128403,0.25452492972454394,0.2471580790344413,0.5011856644241898,0.08349331633649863,0.9165066836635014,0.9388978377917853,0.734090455831468,0.7042534072961181,0.5281900554720885,7.0,0.3628127696289905,1.0,0.21528501021352486,0.0,0.4474964981355501,0.0,0.565898961799186,0.0,0.31927932364612227,True,0,0.34927932364612224,84
1159_7.png,00035,紧凑立方体木块刺猬，微小面部隐藏在刺毛下，顶部低矮方形刺毛帽，浅景深产品照，迷你刺猬产品照，暖桃米色四乘四格纹侧面，脸部大多藏在橙色刺毛下，真实棚拍物体照,2,"[2, 0, 0, 0]",0.5270847678184509,0.822073221206665,0.06478293985128403,0.25452492972454394,0.2471580790344413,0.5011856644241898,0.08349331633649863,0.9165066836635014,0.9388978377917853,0.734090455831468,0.7042534072961181,0.5281900554720885,7.0,0.3628127696289905,1.0,0.21528501021352486,0.0,0.4474964981355501,0.0,0.565898961799186,0.0,0.31927932364612227,True,0,0.34927932364612224,85
1159_7.png,00066,紧凑立方体木块刺猬，微小面部隐藏在刺毛下，顶部低矮方形刺毛帽，浅景深产品照，小刺猬方块木质身体，暖桃米色四乘四格纹侧面，脸部大多藏在橙色刺毛下，产品摄影风格,2,"[0, 0, 0, 3]",0.5270847678184509,0.822073221206665,0.06478293985128403,0.25452492972454394,0.2471580790344413,0.5011856644241898,0.08349331633649863,0.9165066836635014,0.9388978377917853,0.734090455831468,0.7042534072961181,0.5281900554720885,7.0,0.3628127696289905,1.0,0.21528501021352486,0.0,0.4474964981355501,0.0,0.565898961799186,0.0,0.31927932364612227,True,0,0.34927932364612224,86
1159_7.png,00067,紧凑立方体木块刺猬，微小面部隐藏在刺毛下，顶部低矮方形刺毛帽，浅景深产品照，小刺猬方块木质身体，暖桃米色四乘四格纹侧面，微小面部被毛发遮挡，中性棚拍光,2,"[0, 0, 1, 2]",0.5270847678184509,0.822073221206665,0.06478293985128403,0.25452492972454394,0.2471580790344413,0.5011856644241898,0.08349331633649863,0.9165066836635014,0.9388978377917853,0.734090455831468,0.7042534072961181,0.5281900554720885,7.0,0.3628127696289905,1.0,0.21528501021352486,0.0,0.4474964981355501,0.0,0.565898961799186,0.0,0.31927932364612227,True,0,0.34927932364612224,87
1159_7.png,00068,紧凑立方体木块刺猬，微小面部隐藏在刺毛下，顶部低矮方形刺毛帽，浅景深产品照，小刺猬方块木质身体，暖桃米色四乘四格纹侧面，顶部琥珀色刺毛方帽，柔和浅景深,2,"[0, 0, 2, 1]",0.5270847678184509,0.822073221206665,0.06478293985128403,0.25452492972454394,0.2471580790344413,0.5011856644241898,0.08349331633649863,0.9165066836635014,0.9388978377917853,0.734090455831468,0.7042534072961181,0.5281900554720885,7.0,0.3628127696289905,1.0,0.21528501021352486,0.0,0.4474964981355501,0.0,0.565898961799186,0.0,0.31927932364612227,True,0,0.34927932364612224,88
1159_7.png,00069,紧凑立方体木块刺猬，微小面部隐藏在刺毛下，顶部低矮方形刺毛帽，浅景深产品照，小刺猬方块木质身体，暖桃米色四乘四格纹侧面，顶部低矮刺毛层，真实棚拍物体照,2,"[0, 0, 3, 0]",0.5270847678184509,0.822073221206665,0.06478293985128403,0.25452492972454394,0.2471580790344413,0.5011856644241898,0.08349331633649863,0.9165066836635014,0.9388978377917853,0.734090455831468,0.7042534072961181,0.5281900554720885,7.0,0.3628127696289905,1.0,0.21528501021352486,0.0,0.4474964981355501,0.0,0.565898961799186,0.0,0.31927932364612227,True,0,0.34927932364612224,89
1159_7.png,00070,紧凑立方体木块刺猬，微小面部隐藏在刺毛下，顶部低矮方形刺毛帽，浅景深产品照，小刺猬方块木质身体，米桃色格纹木块，脸部大多藏在橙色刺毛下，中性棚拍光,2,"[0, 1, 0, 2]",0.5270847678184509,0.822073221206665,0.06478293985128403,0.25452492972454394,0.2471580790344413,0.5011856644241898,0.08349331633649863,0.9165066836635014,0.9388978377917853,0.734090455831468,0.7042534072961181,0.5281900554720885,7.0,0.3628127696289905,1.0,0.21528501021352486,0.0,0.4474964981355501,0.0,0.565898961799186,0.0,0.31927932364612227,True,0,0.34927932364612224,90
1159_7.png,00071,紧凑立方体木块刺猬，微小面部隐藏在刺毛下，顶部低矮方形刺毛帽，浅景深产品照，小刺猬方块木质身体，米桃色格纹木块，微小面部被毛发遮挡，柔和浅景深,2,"[0, 1, 1, 1]",0.5270847678184509,0.822073221206665,0.06478293985128403,0.25452492972454394,0.2471580790344413,0.5011856644241898,0.08349331633649863,0.9165066836635014,0.9388978377917853,0.734090455831468,0.7042534072961181,0.5281900554720885,7.0,0.3628127696289905,1.0,0.21528501021352486,0.0,0.4474964981355501,0.0,0.565898961799186,0.0,0.31927932364612227,True,0,0.34927932364612224,91
1159_7.png,00072,紧凑立方体木块刺猬，微小面部隐藏在刺毛下，顶部低矮方形刺毛帽，浅景深产品照，小刺猬方块木质身体，米桃色格纹木块，顶部琥珀色刺毛方帽，真实棚拍物体照,2,"[0, 1, 2, 0]",0.5270847678184509,0.822073221206665,0.06478293985128403,0.25452492972454394,0.2471580790344413,0.5011856644241898,0.08349331633649863,0.9165066836635014,0.9388978377917853,0.734090455831468,0.7042534072961181,0.5281900554720885,7.0,0.3628127696289905,1.0,0.21528501021352486,0.0,0.4474964981355501,0.0,0.565898961799186,0.0,0.31927932364612227,True,0,0.34927932364612224,92
1159_7.png,00073,紧凑立方体木块刺猬，微小面部隐藏在刺毛下，顶部低矮方形刺毛帽，浅景深产品照，小刺猬方块木质身体，柔和浅木纹，脸部大多藏在橙色刺毛下，柔和浅景深,2,"[0, 2, 0, 1]",0.5270847678184509,0.822073221206665,0.06478293985128403,0.25452492972454394,0.2471580790344413,0.5011856644241898,0.08349331633649863,0.9165066836635014,0.9388978377917853,0.734090455831468,0.7042534072961181,0.5281900554720885,7.0,0.3628127696289905,1.0,0.21528501021352486,0.0,0.4474964981355501,0.0,0.565898961799186,0.0,0.31927932364612227,True,0,0.34927932364612224,93
1159_7.png,00074,紧凑立方体木块刺猬，微小面部隐藏在刺毛下，顶部低矮方形刺毛帽，浅景深产品照，小刺猬方块木质身体，柔和浅木纹，微小面部被毛发遮挡，真实棚拍物体照,2,"[0, 2, 1, 0]",0.5270847678184509,0.822073221206665,0.06478293985128403,0.25452492972454394,0.2471580790344413,0.5011856644241898,0.08349331633649863,0.9165066836635014,0.9388978377917853,0.734090455831468,0.7042534072961181,0.5281900554720885,7.0,0.3628127696289905,1.0,0.21528501021352486,0.0,0.4474964981355501,0.0,0.565898961799186,0.0,0.31927932364612227,True,0,0.34927932364612224,94
1159_7.png,00075,紧凑立方体木块刺猬，微小面部隐藏在刺毛下，顶部低矮方形刺毛帽，浅景深产品照，小刺猬方块木质身体，细腻木材纹理，脸部大多藏在橙色刺毛下，真实棚拍物体照,2,"[0, 3, 0, 0]",0.5270847678184509,0.822073221206665,0.06478293985128403,0.25452492972454394,0.2471580790344413,0.5011856644241898,0.08349331633649863,0.9165066836635014,0.9388978377917853,0.734090455831468,0.7042534072961181,0.5281900554720885,7.0,0.3628127696289905,1.0,0.21528501021352486,0.0,0.4474964981355501,0.0,0.565898961799186,0.0,0.31927932364612227,True,0,0.34927932364612224,95
1159_7.png,00076,紧凑立方体木块刺猬，微小面部隐藏在刺毛下，顶部低矮方形刺毛帽，浅景深产品照，紧凑立方体木块刺猬，暖桃米色四乘四格纹侧面，脸部大多藏在橙色刺毛下，中性棚拍光,2,"[1, 0, 0, 2]",0.5270847678184509,0.822073221206665,0.06478293985128403,0.25452492972454394,0.2471580790344413,0.5011856644241898,0.08349331633649863,0.9165066836635014,0.9388978377917853,0.734090455831468,0.7042534072961181,0.5281900554720885,7.0,0.3628127696289905,1.0,0.21528501021352486,0.0,0.4474964981355501,0.0,0.565898961799186,0.0,0.31927932364612227,True,0,0.34927932364612224,96
1159_7.png,00077,紧凑立方体木块刺猬，微小面部隐藏在刺毛下，顶部低矮方形刺毛帽，浅景深产品照，紧凑立方体木块刺猬，暖桃米色四乘四格纹侧面，微小面部被毛发遮挡，柔和浅景深,2,"[1, 0, 1, 1]",0.5270847678184509,0.822073221206665,0.06478293985128403,0.25452492972454394,0.2471580790344413,0.5011856644241898,0.08349331633649863,0.9165066836635014,0.9388978377917853,0.734090455831468,0.7042534072961181,0.5281900554720885,7.0,0.3628127696289905,1.0,0.21528501021352486,0.0,0.4474964981355501,0.0,0.565898961799186,0.0,0.31927932364612227,True,0,0.34927932364612224,97
1159_7.png,00078,紧凑立方体木块刺猬，微小面部隐藏在刺毛下，顶部低矮方形刺毛帽，浅景深产品照，紧凑立方体木块刺猬，暖桃米色四乘四格纹侧面，顶部琥珀色刺毛方帽，真实棚拍物体照,2,"[1, 0, 2, 0]",0.5270847678184509,0.822073221206665,0.06478293985128403,0.25452492972454394,0.2471580790344413,0.5011856644241898,0.08349331633649863,0.9165066836635014,0.9388978377917853,0.734090455831468,0.7042534072961181,0.5281900554720885,7.0,0.3628127696289905,1.0,0.21528501021352486,0.0,0.4474964981355501,0.0,0.565898961799186,0.0,0.31927932364612227,True,0,0.34927932364612224,98
1159_7.png,00079,紧凑立方体木块刺猬，微小面部隐藏在刺毛下，顶部低矮方形刺毛帽，浅景深产品照，紧凑立方体木块刺猬，米桃色格纹木块，脸部大多藏在橙色刺毛下，柔和浅景深,2,"[1, 1, 0, 1]",0.5270847678184509,0.822073221206665,0.06478293985128403,0.25452492972454394,0.2471580790344413,0.5011856644241898,0.08349331633649863,0.9165066836635014,0.9388978377917853,0.734090455831468,0.7042534072961181,0.5281900554720885,7.0,0.3628127696289905,1.0,0.21528501021352486,0.0,0.4474964981355501,0.0,0.565898961799186,0.0,0.31927932364612227,True,0,0.34927932364612224,99
1159_7.png,00080,紧凑立方体木块刺猬，微小面部隐藏在刺毛下，顶部低矮方形刺毛帽，浅景深产品照，紧凑立方体木块刺猬，米桃色格纹木块，微小面部被毛发遮挡，真实棚拍物体照,2,"[1, 1, 1, 0]",0.5270847678184509,0.822073221206665,0.06478293985128403,0.25452492972454394,0.2471580790344413,0.5011856644241898,0.08349331633649863,0.9165066836635014,0.9388978377917853,0.734090455831468,0.7042534072961181,0.5281900554720885,7.0,0.3628127696289905,1.0,0.21528501021352486,0.0,0.4474964981355501,0.0,0.565898961799186,0.0,0.31927932364612227,True,0,0.34927932364612224,100
1159_7.png,00081,紧凑立方体木块刺猬，微小面部隐藏在刺毛下，顶部低矮方形刺毛帽，浅景深产品照，紧凑立方体木块刺猬，柔和浅木纹，脸部大多藏在橙色刺毛下，真实棚拍物体照,2,"[1, 2, 0, 0]",0.5270847678184509,0.822073221206665,0.06478293985128403,0.25452492972454394,0.2471580790344413,0.5011856644241898,0.08349331633649863,0.9165066836635014,0.9388978377917853,0.734090455831468,0.7042534072961181,0.5281900554720885,7.0,0.3628127696289905,1.0,0.21528501021352486,0.0,0.4474964981355501,0.0,0.565898961799186,0.0,0.31927932364612227,True,0,0.34927932364612224,101
1159_7.png,00082,紧凑立方体木块刺猬，微小面部隐藏在刺毛下，顶部低矮方形刺毛帽，浅景深产品照，迷你刺猬产品照，暖桃米色四乘四格纹侧面，脸部大多藏在橙色刺毛下，柔和浅景深,2,"[2, 0, 0, 1]",0.5270847678184509,0.822073221206665,0.06478293985128403,0.25452492972454394,0.2471580790344413,0.5011856644241898,0.08349331633649863,0.9165066836635014,0.9388978377917853,0.734090455831468,0.7042534072961181,0.5281900554720885,7.0,0.3628127696289905,1.0,0.21528501021352486,0.0,0.4474964981355501,0.0,0.565898961799186,0.0,0.31927932364612227,True,0,0.34927932364612224,102
1159_7.png,00083,紧凑立方体木块刺猬，微小面部隐藏在刺毛下，顶部低矮方形刺毛帽，浅景深产品照，迷你刺猬产品照，暖桃米色四乘四格纹侧面，微小面部被毛发遮挡，真实棚拍物体照,2,"[2, 0, 1, 0]",0.5270847678184509,0.822073221206665,0.06478293985128403,0.25452492972454394,0.2471580790344413,0.5011856644241898,0.08349331633649863,0.9165066836635014,0.9388978377917853,0.734090455831468,0.7042534072961181,0.5281900554720885,7.0,0.3628127696289905,1.0,0.21528501021352486,0.0,0.4474964981355501,0.0,0.565898961799186,0.0,0.31927932364612227,True,0,0.34927932364612224,103
1159_7.png,00084,紧凑立方体木块刺猬，微小面部隐藏在刺毛下，顶部低矮方形刺毛帽，浅景深产品照，迷你刺猬产品照，米桃色格纹木块，脸部大多藏在橙色刺毛下，真实棚拍物体照,2,"[2, 1, 0, 0]",0.5270847678184509,0.822073221206665,0.06478293985128403,0.25452492972454394,0.2471580790344413,0.5011856644241898,0.08349331633649863,0.9165066836635014,0.9388978377917853,0.734090455831468,0.7042534072961181,0.5281900554720885,7.0,0.3628127696289905,1.0,0.21528501021352486,0.0,0.4474964981355501,0.0,0.565898961799186,0.0,0.31927932364612227,True,0,0.34927932364612224,104
1159_7.png,00085,紧凑立方体木块刺猬，微小面部隐藏在刺毛下，顶部低矮方形刺毛帽，浅景深产品照，棚拍小型立方体角色，暖桃米色四乘四格纹侧面，脸部大多藏在橙色刺毛下，真实棚拍物体照,2,"[3, 0, 0, 0]",0.5270847678184509,0.822073221206665,0.06478293985128403,0.25452492972454394,0.2471580790344413,0.5011856644241898,0.08349331633649863,0.9165066836635014,0.9388978377917853,0.734090455831468,0.7042534072961181,0.5281900554720885,7.0,0.3628127696289905,1.0,0.21528501021352486,0.0,0.4474964981355501,0.0,0.565898961799186,0.0,0.31927932364612227,True,0,0.34927932364612224,105
1159_7.png,00141,紧凑立方体木块刺猬，微小面部隐藏在刺毛下，顶部低矮方形刺毛帽，浅景深产品照，小刺猬方块木质身体，暖桃米色四乘四格纹侧面，脸部大多藏在橙色刺毛下，干净白棚背景,2,"[0, 0, 0, 4]",0.5270847678184509,0.822073221206665,0.06478293985128403,0.25452492972454394,0.2471580790344413,0.5011856644241898,0.08349331633649863,0.9165066836635014,0.9388978377917853,0.734090455831468,0.7042534072961181,0.5281900554720885,7.0,0.3628127696289905,1.0,0.21528501021352486,0.0,0.4474964981355501,0.0,0.565898961799186,0.0,0.31927932364612227,True,0,0.34927932364612224,106
1159_7.png,00142,紧凑立方体木块刺猬，微小面部隐藏在刺毛下，顶部低矮方形刺毛帽，浅景深产品照，小刺猬方块木质身体，暖桃米色四乘四格纹侧面，微小面部被毛发遮挡，产品摄影风格,2,"[0, 0, 1, 3]",0.5270847678184509,0.822073221206665,0.06478293985128403,0.25452492972454394,0.2471580790344413,0.5011856644241898,0.08349331633649863,0.9165066836635014,0.9388978377917853,0.734090455831468,0.7042534072961181,0.5281900554720885,7.0,0.3628127696289905,1.0,0.21528501021352486,0.0,0.4474964981355501,0.0,0.565898961799186,0.0,0.31927932364612227,True,0,0.34927932364612224,107
1159_7.png,00143,紧凑立方体木块刺猬，微小面部隐藏在刺毛下，顶部低矮方形刺毛帽，浅景深产品照，小刺猬方块木质身体，暖桃米色四乘四格纹侧面，顶部琥珀色刺毛方帽，中性棚拍光,2,"[0, 0, 2, 2]",0.5270847678184509,0.822073221206665,0.06478293985128403,0.25452492972454394,0.2471580790344413,0.5011856644241898,0.08349331633649863,0.9165066836635014,0.9388978377917853,0.734090455831468,0.7042534072961181,0.5281900554720885,7.0,0.3628127696289905,1.0,0.21528501021352486,0.0,0.4474964981355501,0.0,0.565898961799186,0.0,0.31927932364612227,True,0,0.34927932364612224,108
1159_7.png,00144,紧凑立方体木块刺猬，微小面部隐藏在刺毛下，顶部低矮方形刺毛帽，浅景深产品照，小刺猬方块木质身体，暖桃米色四乘四格纹侧面，顶部低矮刺毛层，柔和浅景深,2,"[0, 0, 3, 1]",0.5270847678184509,0.822073221206665,0.06478293985128403,0.25452492972454394,0.2471580790344413,0.5011856644241898,0.08349331633649863,0.9165066836635014,0.9388978377917853,0.734090455831468,0.7042534072961181,0.5281900554720885,7.0,0.3628127696289905,1.0,0.21528501021352486,0.0,0.4474964981355501,0.0,0.565898961799186,0.0,0.31927932364612227,True,0,0.34927932364612224,109
1159_7.png,00145,紧凑立方体木块刺猬，微小面部隐藏在刺毛下，顶部低矮方形刺毛帽，浅景深产品照，小刺猬方块木质身体，暖桃米色四乘四格纹侧面，顶部刺毛更整齐，真实棚拍物体照,2,"[0, 0, 4, 0]",0.5270847678184509,0.822073221206665,0.06478293985128403,0.25452492972454394,0.2471580790344413,0.5011856644241898,0.08349331633649863,0.9165066836635014,0.9388978377917853,0.734090455831468,0.7042534072961181,0.5281900554720885,7.0,0.3628127696289905,1.0,0.21528501021352486,0.0,0.4474964981355501,0.0,0.565898961799186,0.0,0.31927932364612227,True,0,0.34927932364612224,110
1159_7.png,00146,紧凑立方体木块刺猬，微小面部隐藏在刺毛下，顶部低矮方形刺毛帽，浅景深产品照，小刺猬方块木质身体，米桃色格纹木块，脸部大多藏在橙色刺毛下，产品摄影风格,2,"[0, 1, 0, 3]",0.5270847678184509,0.822073221206665,0.06478293985128403,0.25452492972454394,0.2471580790344413,0.5011856644241898,0.08349331633649863,0.9165066836635014,0.9388978377917853,0.734090455831468,0.7042534072961181,0.5281900554720885,7.0,0.3628127696289905,1.0,0.21528501021352486,0.0,0.4474964981355501,0.0,0.565898961799186,0.0,0.31927932364612227,True,0,0.34927932364612224,111
1159_7.png,00147,紧凑立方体木块刺猬，微小面部隐藏在刺毛下，顶部低矮方形刺毛帽，浅景深产品照，小刺猬方块木质身体，米桃色格纹木块，微小面部被毛发遮挡，中性棚拍光,2,"[0, 1, 1, 2]",0.5270847678184509,0.822073221206665,0.06478293985128403,0.25452492972454394,0.2471580790344413,0.5011856644241898,0.08349331633649863,0.9165066836635014,0.9388978377917853,0.734090455831468,0.7042534072961181,0.5281900554720885,7.0,0.3628127696289905,1.0,0.21528501021352486,0.0,0.4474964981355501,0.0,0.565898961799186,0.0,0.31927932364612227,True,0,0.34927932364612224,112
1159_7.png,00148,紧凑立方体木块刺猬，微小面部隐藏在刺毛下，顶部低矮方形刺毛帽，浅景深产品照，小刺猬方块木质身体，米桃色格纹木块，顶部琥珀色刺毛方帽，柔和浅景深,2,"[0, 1, 2, 1]",0.5270847678184509,0.822073221206665,0.06478293985128403,0.25452492972454394,0.2471580790344413,0.5011856644241898,0.08349331633649863,0.9165066836635014,0.9388978377917853,0.734090455831468,0.7042534072961181,0.5281900554720885,7.0,0.3628127696289905,1.0,0.21528501021352486,0.0,0.4474964981355501,0.0,0.565898961799186,0.0,0.31927932364612227,True,0,0.34927932364612224,113
1159_7.png,00149,紧凑立方体木块刺猬，微小面部隐藏在刺毛下，顶部低矮方形刺毛帽，浅景深产品照，小刺猬方块木质身体，米桃色格纹木块，顶部低矮刺毛层，真实棚拍物体照,2,"[0, 1, 3, 0]",0.5270847678184509,0.822073221206665,0.06478293985128403,0.25452492972454394,0.2471580790344413,0.5011856644241898,0.08349331633649863,0.9165066836635014,0.9388978377917853,0.734090455831468,0.7042534072961181,0.5281900554720885,7.0,0.3628127696289905,1.0,0.21528501021352486,0.0,0.4474964981355501,0.0,0.565898961799186,0.0,0.31927932364612227,True,0,0.34927932364612224,114
1159_7.png,00150,紧凑立方体木块刺猬，微小面部隐藏在刺毛下，顶部低矮方形刺毛帽，浅景深产品照，小刺猬方块木质身体，柔和浅木纹，脸部大多藏在橙色刺毛下，中性棚拍光,2,"[0, 2, 0, 2]",0.5270847678184509,0.822073221206665,0.06478293985128403,0.25452492972454394,0.2471580790344413,0.5011856644241898,0.08349331633649863,0.9165066836635014,0.9388978377917853,0.734090455831468,0.7042534072961181,0.5281900554720885,7.0,0.3628127696289905,1.0,0.21528501021352486,0.0,0.4474964981355501,0.0,0.565898961799186,0.0,0.31927932364612227,True,0,0.34927932364612224,115
1159_7.png,00151,紧凑立方体木块刺猬，微小面部隐藏在刺毛下，顶部低矮方形刺毛帽，浅景深产品照，小刺猬方块木质身体，柔和浅木纹，微小面部被毛发遮挡，柔和浅景深,2,"[0, 2, 1, 1]",0.5270847678184509,0.822073221206665,0.06478293985128403,0.25452492972454394,0.2471580790344413,0.5011856644241898,0.08349331633649863,0.9165066836635014,0.9388978377917853,0.734090455831468,0.7042534072961181,0.5281900554720885,7.0,0.3628127696289905,1.0,0.21528501021352486,0.0,0.4474964981355501,0.0,0.565898961799186,0.0,0.31927932364612227,True,0,0.34927932364612224,116
1159_7.png,00152,紧凑立方体木块刺猬，微小面部隐藏在刺毛下，顶部低矮方形刺毛帽，浅景深产品照，小刺猬方块木质身体，柔和浅木纹，顶部琥珀色刺毛方帽，真实棚拍物体照,2,"[0, 2, 2, 0]",0.5270847678184509,0.822073221206665,0.06478293985128403,0.25452492972454394,0.2471580790344413,0.5011856644241898,0.08349331633649863,0.9165066836635014,0.9388978377917853,0.734090455831468,0.7042534072961181,0.5281900554720885,7.0,0.3628127696289905,1.0,0.21528501021352486,0.0,0.4474964981355501,0.0,0.565898961799186,0.0,0.31927932364612227,True,0,0.34927932364612224,117
1159_7.png,00153,紧凑立方体木块刺猬，微小面部隐藏在刺毛下，顶部低矮方形刺毛帽，浅景深产品照，小刺猬方块木质身体，细腻木材纹理，脸部大多藏在橙色刺毛下，柔和浅景深,2,"[0, 3, 0, 1]",0.5270847678184509,0.822073221206665,0.06478293985128403,0.25452492972454394,0.2471580790344413,0.5011856644241898,0.08349331633649863,0.9165066836635014,0.9388978377917853,0.734090455831468,0.7042534072961181,0.5281900554720885,7.0,0.3628127696289905,1.0,0.21528501021352486,0.0,0.4474964981355501,0.0,0.565898961799186,0.0,0.31927932364612227,True,0,0.34927932364612224,118
1159_7.png,00154,紧凑立方体木块刺猬，微小面部隐藏在刺毛下，顶部低矮方形刺毛帽，浅景深产品照，小刺猬方块木质身体，细腻木材纹理，微小面部被毛发遮挡，真实棚拍物体照,2,"[0, 3, 1, 0]",0.5270847678184509,0.822073221206665,0.06478293985128403,0.25452492972454394,0.2471580790344413,0.5011856644241898,0.08349331633649863,0.9165066836635014,0.9388978377917853,0.734090455831468,0.7042534072961181,0.5281900554720885,7.0,0.3628127696289905,1.0,0.21528501021352486,0.0,0.4474964981355501,0.0,0.565898961799186,0.0,0.31927932364612227,True,0,0.34927932364612224,119
1159_7.png,00155,紧凑立方体木块刺猬，微小面部隐藏在刺毛下，顶部低矮方形刺毛帽，浅景深产品照，小刺猬方块木质身体，哑光木质触感，脸部大多藏在橙色刺毛下，真实棚拍物体照,2,"[0, 4, 0, 0]",0.5270847678184509,0.822073221206665,0.06478293985128403,0.25452492972454394,0.2471580790344413,0.5011856644241898,0.08349331633649863,0.9165066836635014,0.9388978377917853,0.734090455831468,0.7042534072961181,0.5281900554720885,7.0,0.3628127696289905,1.0,0.21528501021352486,0.0,0.4474964981355501,0.0,0.565898961799186,0.0,0.31927932364612227,True,0,0.34927932364612224,120
1159_7.png,00156,紧凑立方体木块刺猬，微小面部隐藏在刺毛下，顶部低矮方形刺毛帽，浅景深产品照，紧凑立方体木块刺猬，暖桃米色四乘四格纹侧面，脸部大多藏在橙色刺毛下，产品摄影风格,2,"[1, 0, 0, 3]",0.5270847678184509,0.822073221206665,0.06478293985128403,0.25452492972454394,0.2471580790344413,0.5011856644241898,0.08349331633649863,0.9165066836635014,0.9388978377917853,0.734090455831468,0.7042534072961181,0.5281900554720885,7.0,0.3628127696289905,1.0,0.21528501021352486,0.0,0.4474964981355501,0.0,0.565898961799186,0.0,0.31927932364612227,True,0,0.34927932364612224,121
1159_7.png,00157,紧凑立方体木块刺猬，微小面部隐藏在刺毛下，顶部低矮方形刺毛帽，浅景深产品照，紧凑立方体木块刺猬，暖桃米色四乘四格纹侧面，微小面部被毛发遮挡，中性棚拍光,2,"[1, 0, 1, 2]",0.5270847678184509,0.822073221206665,0.06478293985128403,0.25452492972454394,0.2471580790344413,0.5011856644241898,0.08349331633649863,0.9165066836635014,0.9388978377917853,0.734090455831468,0.7042534072961181,0.5281900554720885,7.0,0.3628127696289905,1.0,0.21528501021352486,0.0,0.4474964981355501,0.0,0.565898961799186,0.0,0.31927932364612227,True,0,0.34927932364612224,122
1159_7.png,00158,紧凑立方体木块刺猬，微小面部隐藏在刺毛下，顶部低矮方形刺毛帽，浅景深产品照，紧凑立方体木块刺猬，暖桃米色四乘四格纹侧面，顶部琥珀色刺毛方帽，柔和浅景深,2,"[1, 0, 2, 1]",0.5270847678184509,0.822073221206665,0.06478293985128403,0.25452492972454394,0.2471580790344413,0.5011856644241898,0.08349331633649863,0.9165066836635014,0.9388978377917853,0.734090455831468,0.7042534072961181,0.5281900554720885,7.0,0.3628127696289905,1.0,0.21528501021352486,0.0,0.4474964981355501,0.0,0.565898961799186,0.0,0.31927932364612227,True,0,0.34927932364612224,123
1159_7.png,00159,紧凑立方体木块刺猬，微小面部隐藏在刺毛下，顶部低矮方形刺毛帽，浅景深产品照，紧凑立方体木块刺猬，暖桃米色四乘四格纹侧面，顶部低矮刺毛层，真实棚拍物体照,2,"[1, 0, 3, 0]",0.5270847678184509,0.822073221206665,0.06478293985128403,0.25452492972454394,0.2471580790344413,0.5011856644241898,0.08349331633649863,0.9165066836635014,0.9388978377917853,0.734090455831468,0.7042534072961181,0.5281900554720885,7.0,0.3628127696289905,1.0,0.21528501021352486,0.0,0.4474964981355501,0.0,0.565898961799186,0.0,0.31927932364612227,True,0,0.34927932364612224,124
1159_7.png,00160,紧凑立方体木块刺猬，微小面部隐藏在刺毛下，顶部低矮方形刺毛帽，浅景深产品照，紧凑立方体木块刺猬，米桃色格纹木块，脸部大多藏在橙色刺毛下，中性棚拍光,2,"[1, 1, 0, 2]",0.5270847678184509,0.822073221206665,0.06478293985128403,0.25452492972454394,0.2471580790344413,0.5011856644241898,0.08349331633649863,0.9165066836635014,0.9388978377917853,0.734090455831468,0.7042534072961181,0.5281900554720885,7.0,0.3628127696289905,1.0,0.21528501021352486,0.0,0.4474964981355501,0.0,0.565898961799186,0.0,0.31927932364612227,True,0,0.34927932364612224,125
1159_7.png,00161,紧凑立方体木块刺猬，微小面部隐藏在刺毛下，顶部低矮方形刺毛帽，浅景深产品照，紧凑立方体木块刺猬，米桃色格纹木块，微小面部被毛发遮挡，柔和浅景深,2,"[1, 1, 1, 1]",0.5270847678184509,0.822073221206665,0.06478293985128403,0.25452492972454394,0.2471580790344413,0.5011856644241898,0.08349331633649863,0.9165066836635014,0.9388978377917853,0.734090455831468,0.7042534072961181,0.5281900554720885,7.0,0.3628127696289905,1.0,0.21528501021352486,0.0,0.4474964981355501,0.0,0.565898961799186,0.0,0.31927932364612227,True,0,0.34927932364612224,126
1159_7.png,00162,紧凑立方体木块刺猬，微小面部隐藏在刺毛下，顶部低矮方形刺毛帽，浅景深产品照，紧凑立方体木块刺猬，米桃色格纹木块，顶部琥珀色刺毛方帽，真实棚拍物体照,2,"[1, 1, 2, 0]",0.5270847678184509,0.822073221206665,0.06478293985128403,0.25452492972454394,0.2471580790344413,0.5011856644241898,0.08349331633649863,0.9165066836635014,0.9388978377917853,0.734090455831468,0.7042534072961181,0.5281900554720885,7.0,0.3628127696289905,1.0,0.21528501021352486,0.0,0.4474964981355501,0.0,0.565898961799186,0.0,0.31927932364612227,True,0,0.34927932364612224,127
1159_7.png,00163,紧凑立方体木块刺猬，微小面部隐藏在刺毛下，顶部低矮方形刺毛帽，浅景深产品照，紧凑立方体木块刺猬，柔和浅木纹，脸部大多藏在橙色刺毛下，柔和浅景深,2,"[1, 2, 0, 1]",0.5270847678184509,0.822073221206665,0.06478293985128403,0.25452492972454394,0.2471580790344413,0.5011856644241898,0.08349331633649863,0.9165066836635014,0.9388978377917853,0.734090455831468,0.7042534072961181,0.5281900554720885,7.0,0.3628127696289905,1.0,0.21528501021352486,0.0,0.4474964981355501,0.0,0.565898961799186,0.0,0.31927932364612227,True,0,0.34927932364612224,128
1159_7.png,00164,紧凑立方体木块刺猬，微小面部隐藏在刺毛下，顶部低矮方形刺毛帽，浅景深产品照，紧凑立方体木块刺猬，柔和浅木纹，微小面部被毛发遮挡，真实棚拍物体照,2,"[1, 2, 1, 0]",0.5270847678184509,0.822073221206665,0.06478293985128403,0.25452492972454394,0.2471580790344413,0.5011856644241898,0.08349331633649863,0.9165066836635014,0.9388978377917853,0.734090455831468,0.7042534072961181,0.5281900554720885,7.0,0.3628127696289905,1.0,0.21528501021352486,0.0,0.4474964981355501,0.0,0.565898961799186,0.0,0.31927932364612227,True,0,0.34927932364612224,129
1159_7.png,00165,紧凑立方体木块刺猬，微小面部隐藏在刺毛下，顶部低矮方形刺毛帽，浅景深产品照，紧凑立方体木块刺猬，细腻木材纹理，脸部大多藏在橙色刺毛下，真实棚拍物体照,2,"[1, 3, 0, 0]",0.5270847678184509,0.822073221206665,0.06478293985128403,0.25452492972454394,0.2471580790344413,0.5011856644241898,0.08349331633649863,0.9165066836635014,0.9388978377917853,0.734090455831468,0.7042534072961181,0.5281900554720885,7.0,0.3628127696289905,1.0,0.21528501021352486,0.0,0.4474964981355501,0.0,0.565898961799186,0.0,0.31927932364612227,True,0,0.34927932364612224,130
1159_7.png,00166,紧凑立方体木块刺猬，微小面部隐藏在刺毛下，顶部低矮方形刺毛帽，浅景深产品照，迷你刺猬产品照，暖桃米色四乘四格纹侧面，脸部大多藏在橙色刺毛下，中性棚拍光,2,"[2, 0, 0, 2]",0.5270847678184509,0.822073221206665,0.06478293985128403,0.25452492972454394,0.2471580790344413,0.5011856644241898,0.08349331633649863,0.9165066836635014,0.9388978377917853,0.734090455831468,0.7042534072961181,0.5281900554720885,7.0,0.3628127696289905,1.0,0.21528501021352486,0.0,0.4474964981355501,0.0,0.565898961799186,0.0,0.31927932364612227,True,0,0.34927932364612224,131
1159_7.png,00167,紧凑立方体木块刺猬，微小面部隐藏在刺毛下，顶部低矮方形刺毛帽，浅景深产品照，迷你刺猬产品照，暖桃米色四乘四格纹侧面，微小面部被毛发遮挡，柔和浅景深,2,"[2, 0, 1, 1]",0.5270847678184509,0.822073221206665,0.06478293985128403,0.25452492972454394,0.2471580790344413,0.5011856644241898,0.08349331633649863,0.9165066836635014,0.9388978377917853,0.734090455831468,0.7042534072961181,0.5281900554720885,7.0,0.3628127696289905,1.0,0.21528501021352486,0.0,0.4474964981355501,0.0,0.565898961799186,0.0,0.31927932364612227,True,0,0.34927932364612224,132
1159_7.png,00168,紧凑立方体木块刺猬，微小面部隐藏在刺毛下，顶部低矮方形刺毛帽，浅景深产品照，迷你刺猬产品照，暖桃米色四乘四格纹侧面，顶部琥珀色刺毛方帽，真实棚拍物体照,2,"[2, 0, 2, 0]",0.5270847678184509,0.822073221206665,0.06478293985128403,0.25452492972454394,0.2471580790344413,0.5011856644241898,0.08349331633649863,0.9165066836635014,0.9388978377917853,0.734090455831468,0.7042534072961181,0.5281900554720885,7.0,0.3628127696289905,1.0,0.21528501021352486,0.0,0.4474964981355501,0.0,0.565898961799186,0.0,0.31927932364612227,True,0,0.34927932364612224,133
1159_7.png,00169,紧凑立方体木块刺猬，微小面部隐藏在刺毛下，顶部低矮方形刺毛帽，浅景深产品照，迷你刺猬产品照，米桃色格纹木块，脸部大多藏在橙色刺毛下，柔和浅景深,2,"[2, 1, 0, 1]",0.5270847678184509,0.822073221206665,0.06478293985128403,0.25452492972454394,0.2471580790344413,0.5011856644241898,0.08349331633649863,0.9165066836635014,0.9388978377917853,0.734090455831468,0.7042534072961181,0.5281900554720885,7.0,0.3628127696289905,1.0,0.21528501021352486,0.0,0.4474964981355501,0.0,0.565898961799186,0.0,0.31927932364612227,True,0,0.34927932364612224,134
1159_7.png,00170,紧凑立方体木块刺猬，微小面部隐藏在刺毛下，顶部低矮方形刺毛帽，浅景深产品照，迷你刺猬产品照，米桃色格纹木块，微小面部被毛发遮挡，真实棚拍物体照,2,"[2, 1, 1, 0]",0.5270847678184509,0.822073221206665,0.06478293985128403,0.25452492972454394,0.2471580790344413,0.5011856644241898,0.08349331633649863,0.9165066836635014,0.9388978377917853,0.734090455831468,0.7042534072961181,0.5281900554720885,7.0,0.3628127696289905,1.0,0.21528501021352486,0.0,0.4474964981355501,0.0,0.565898961799186,0.0,0.31927932364612227,True,0,0.34927932364612224,135
1159_7.png,00171,紧凑立方体木块刺猬，微小面部隐藏在刺毛下，顶部低矮方形刺毛帽，浅景深产品照，迷你刺猬产品照，柔和浅木纹，脸部大多藏在橙色刺毛下，真实棚拍物体照,2,"[2, 2, 0, 0]",0.5270847678184509,0.822073221206665,0.06478293985128403,0.25452492972454394,0.2471580790344413,0.5011856644241898,0.08349331633649863,0.9165066836635014,0.9388978377917853,0.734090455831468,0.7042534072961181,0.5281900554720885,7.0,0.3628127696289905,1.0,0.21528501021352486,0.0,0.4474964981355501,0.0,0.565898961799186,0.0,0.31927932364612227,True,0,0.34927932364612224,136
1159_7.png,00172,紧凑立方体木块刺猬，微小面部隐藏在刺毛下，顶部低矮方形刺毛帽，浅景深产品照，棚拍小型立方体角色，暖桃米色四乘四格纹侧面，脸部大多藏在橙色刺毛下，柔和浅景深,2,"[3, 0, 0, 1]",0.5270847678184509,0.822073221206665,0.06478293985128403,0.25452492972454394,0.2471580790344413,0.5011856644241898,0.08349331633649863,0.9165066836635014,0.9388978377917853,0.734090455831468,0.7042534072961181,0.5281900554720885,7.0,0.3628127696289905,1.0,0.21528501021352486,0.0,0.4474964981355501,0.0,0.565898961799186,0.0,0.31927932364612227,True,0,0.34927932364612224,137
1159_7.png,00173,紧凑立方体木块刺猬，微小面部隐藏在刺毛下，顶部低矮方形刺毛帽，浅景深产品照，棚拍小型立方体角色，暖桃米色四乘四格纹侧面，微小面部被毛发遮挡，真实棚拍物体照,2,"[3, 0, 1, 0]",0.5270847678184509,0.822073221206665,0.06478293985128403,0.25452492972454394,0.2471580790344413,0.5011856644241898,0.08349331633649863,0.9165066836635014,0.9388978377917853,0.734090455831468,0.7042534072961181,0.5281900554720885,7.0,0.3628127696289905,1.0,0.21528501021352486,0.0,0.4474964981355501,0.0,0.565898961799186,0.0,0.31927932364612227,True,0,0.34927932364612224,138
1159_7.png,00174,紧凑立方体木块刺猬，微小面部隐藏在刺毛下，顶部低矮方形刺毛帽，浅景深产品照，棚拍小型立方体角色，米桃色格纹木块，脸部大多藏在橙色刺毛下，真实棚拍物体照,2,"[3, 1, 0, 0]",0.5270847678184509,0.822073221206665,0.06478293985128403,0.25452492972454394,0.2471580790344413,0.5011856644241898,0.08349331633649863,0.9165066836635014,0.9388978377917853,0.734090455831468,0.7042534072961181,0.5281900554720885,7.0,0.3628127696289905,1.0,0.21528501021352486,0.0,0.4474964981355501,0.0,0.565898961799186,0.0,0.31927932364612227,True,0,0.34927932364612224,139
1159_7.png,00175,紧凑立方体木块刺猬，微小面部隐藏在刺毛下，顶部低矮方形刺毛帽，浅景深产品照，木块主体更规整，暖桃米色四乘四格纹侧面，脸部大多藏在橙色刺毛下，真实棚拍物体照,2,"[4, 0, 0, 0]",0.5270847678184509,0.822073221206665,0.06478293985128403,0.25452492972454394,0.2471580790344413,0.5011856644241898,0.08349331633649863,0.9165066836635014,0.9388978377917853,0.734090455831468,0.7042534072961181,0.5281900554720885,7.0,0.3628127696289905,1.0,0.21528501021352486,0.0,0.4474964981355501,0.0,0.565898961799186,0.0,0.31927932364612227,True,0,0.34927932364612224,140
1159_7.png,00003,方块化刺猬木质主体，米桃色格纹，顶部刺毛更规整，仅顶部有刺毛，工作室光线，小刺猬方块木质身体，暖桃米色四乘四格纹侧面，脸部大多藏在橙色刺毛下，真实棚拍物体照,3,"[0, 0, 0, 0]",0.5126382112503052,0.8769264221191406,0.04964805394411087,0.22281843268480028,0.17636126276799097,0.6595295093677662,0.09978079071172186,0.9002192092882781,0.9586028747721389,0.8035855774208198,0.7532378736496863,0.5649284052372647,11.0,0.31030228254164094,0.0,0.0,0.5486868474175328,0.0,1.0,0.0,1.0,0.2223030271126299,False,1,0.2223030271126299,141
1159_7.png,00012,方块化刺猬木质主体，米桃色格纹，顶部刺毛更规整，仅顶部有刺毛，工作室光线，小刺猬方块木质身体，暖桃米色四乘四格纹侧面，脸部大多藏在橙色刺毛下，柔和浅景深,3,"[0, 0, 0, 1]",0.5126382112503052,0.8769264221191406,0.04964805394411087,0.22281843268480028,0.17636126276799097,0.6595295093677662,0.09978079071172186,0.9002192092882781,0.9586028747721389,0.8035855774208198,0.7532378736496863,0.5649284052372647,11.0,0.31030228254164094,0.0,0.0,0.5486868474175328,0.0,1.0,0.0,1.0,0.2223030271126299,False,1,0.2223030271126299,142
1159_7.png,00013,方块化刺猬木质主体，米桃色格纹，顶部刺毛更规整，仅顶部有刺毛，工作室光线，小刺猬方块木质身体，暖桃米色四乘四格纹侧面，微小面部被毛发遮挡，真实棚拍物体照,3,"[0, 0, 1, 0]",0.5126382112503052,0.8769264221191406,0.04964805394411087,0.22281843268480028,0.17636126276799097,0.6595295093677662,0.09978079071172186,0.9002192092882781,0.9586028747721389,0.8035855774208198,0.7532378736496863,0.5649284052372647,11.0,0.31030228254164094,0.0,0.0,0.5486868474175328,0.0,1.0,0.0,1.0,0.2223030271126299,False,1,0.2223030271126299,143
1159_7.png,00014,方块化刺猬木质主体，米桃色格纹，顶部刺毛更规整，仅顶部有刺毛，工作室光线，小刺猬方块木质身体，米桃色格纹木块，脸部大多藏在橙色刺毛下，真实棚拍物体照,3,"[0, 1, 0, 0]",0.5126382112503052,0.8769264221191406,0.04964805394411087,0.22281843268480028,0.17636126276799097,0.6595295093677662,0.09978079071172186,0.9002192092882781,0.9586028747721389,0.8035855774208198,0.7532378736496863,0.5649284052372647,11.0,0.31030228254164094,0.0,0.0,0.5486868474175328,0.0,1.0,0.0,1.0,0.2223030271126299,False,1,0.2223030271126299,144
1159_7.png,00015,方块化刺猬木质主体，米桃色格纹，顶部刺毛更规整，仅顶部有刺毛，工作室光线，紧凑立方体木块刺猬，暖桃米色四乘四格纹侧面，脸部大多藏在橙色刺毛下，真实棚拍物体照,3,"[1, 0, 0, 0]",0.5126382112503052,0.8769264221191406,0.04964805394411087,0.22281843268480028,0.17636126276799097,0.6595295093677662,0.09978079071172186,0.9002192092882781,0.9586028747721389,0.8035855774208198,0.7532378736496863,0.5649284052372647,11.0,0.31030228254164094,0.0,0.0,0.5486868474175328,0.0,1.0,0.0,1.0,0.2223030271126299,False,1,0.2223030271126299,145
1159_7.png,00036,方块化刺猬木质主体，米桃色格纹，顶部刺毛更规整，仅顶部有刺毛，工作室光线，小刺猬方块木质身体，暖桃米色四乘四格纹侧面，脸部大多藏在橙色刺毛下，中性棚拍光,3,"[0, 0, 0, 2]",0.5126382112503052,0.8769264221191406,0.04964805394411087,0.22281843268480028,0.17636126276799097,0.6595295093677662,0.09978079071172186,0.9002192092882781,0.9586028747721389,0.8035855774208198,0.7532378736496863,0.5649284052372647,11.0,0.31030228254164094,0.0,0.0,0.5486868474175328,0.0,1.0,0.0,1.0,0.2223030271126299,False,1,0.2223030271126299,146
1159_7.png,00037,方块化刺猬木质主体，米桃色格纹，顶部刺毛更规整，仅顶部有刺毛，工作室光线，小刺猬方块木质身体，暖桃米色四乘四格纹侧面，微小面部被毛发遮挡，柔和浅景深,3,"[0, 0, 1, 1]",0.5126382112503052,0.8769264221191406,0.04964805394411087,0.22281843268480028,0.17636126276799097,0.6595295093677662,0.09978079071172186,0.9002192092882781,0.9586028747721389,0.8035855774208198,0.7532378736496863,0.5649284052372647,11.0,0.31030228254164094,0.0,0.0,0.5486868474175328,0.0,1.0,0.0,1.0,0.2223030271126299,False,1,0.2223030271126299,147
1159_7.png,00038,方块化刺猬木质主体，米桃色格纹，顶部刺毛更规整，仅顶部有刺毛，工作室光线，小刺猬方块木质身体，暖桃米色四乘四格纹侧面，顶部琥珀色刺毛方帽，真实棚拍物体照,3,"[0, 0, 2, 0]",0.5126382112503052,0.8769264221191406,0.04964805394411087,0.22281843268480028,0.17636126276799097,0.6595295093677662,0.09978079071172186,0.9002192092882781,0.9586028747721389,0.8035855774208198,0.7532378736496863,0.5649284052372647,11.0,0.31030228254164094,0.0,0.0,0.5486868474175328,0.0,1.0,0.0,1.0,0.2223030271126299,False,1,0.2223030271126299,148
1159_7.png,00039,方块化刺猬木质主体，米桃色格纹，顶部刺毛更规整，仅顶部有刺毛，工作室光线，小刺猬方块木质身体，米桃色格纹木块，脸部大多藏在橙色刺毛下，柔和浅景深,3,"[0, 1, 0, 1]",0.5126382112503052,0.8769264221191406,0.04964805394411087,0.22281843268480028,0.17636126276799097,0.6595295093677662,0.09978079071172186,0.9002192092882781,0.9586028747721389,0.8035855774208198,0.7532378736496863,0.5649284052372647,11.0,0.31030228254164094,0.0,0.0,0.5486868474175328,0.0,1.0,0.0,1.0,0.2223030271126299,False,1,0.2223030271126299,149
1159_7.png,00040,方块化刺猬木质主体，米桃色格纹，顶部刺毛更规整，仅顶部有刺毛，工作室光线，小刺猬方块木质身体，米桃色格纹木块，微小面部被毛发遮挡，真实棚拍物体照,3,"[0, 1, 1, 0]",0.5126382112503052,0.8769264221191406,0.04964805394411087,0.22281843268480028,0.17636126276799097,0.6595295093677662,0.09978079071172186,0.9002192092882781,0.9586028747721389,0.8035855774208198,0.7532378736496863,0.5649284052372647,11.0,0.31030228254164094,0.0,0.0,0.5486868474175328,0.0,1.0,0.0,1.0,0.2223030271126299,False,1,0.2223030271126299,150
1159_7.png,00041,方块化刺猬木质主体，米桃色格纹，顶部刺毛更规整，仅顶部有刺毛，工作室光线，小刺猬方块木质身体，柔和浅木纹，脸部大多藏在橙色刺毛下，真实棚拍物体照,3,"[0, 2, 0, 0]",0.5126382112503052,0.8769264221191406,0.04964805394411087,0.22281843268480028,0.17636126276799097,0.6595295093677662,0.09978079071172186,0.9002192092882781,0.9586028747721389,0.8035855774208198,0.7532378736496863,0.5649284052372647,11.0,0.31030228254164094,0.0,0.0,0.5486868474175328,0.0,1.0,0.0,1.0,0.2223030271126299,False,1,0.2223030271126299,151
1159_7.png,00042,方块化刺猬木质主体，米桃色格纹，顶部刺毛更规整，仅顶部有刺毛，工作室光线，紧凑立方体木块刺猬，暖桃米色四乘四格纹侧面，脸部大多藏在橙色刺毛下，柔和浅景深,3,"[1, 0, 0, 1]",0.5126382112503052,0.8769264221191406,0.04964805394411087,0.22281843268480028,0.17636126276799097,0.6595295093677662,0.09978079071172186,0.9002192092882781,0.9586028747721389,0.8035855774208198,0.7532378736496863,0.5649284052372647,11.0,0.31030228254164094,0.0,0.0,0.5486868474175328,0.0,1.0,0.0,1.0,0.2223030271126299,False,1,0.2223030271126299,152
1159_7.png,00043,方块化刺猬木质主体，米桃色格纹，顶部刺毛更规整，仅顶部有刺毛，工作室光线，紧凑立方体木块刺猬，暖桃米色四乘四格纹侧面，微小面部被毛发遮挡，真实棚拍物体照,3,"[1, 0, 1, 0]",0.5126382112503052,0.8769264221191406,0.04964805394411087,0.22281843268480028,0.17636126276799097,0.6595295093677662,0.09978079071172186,0.9002192092882781,0.9586028747721389,0.8035855774208198,0.7532378736496863,0.5649284052372647,11.0,0.31030228254164094,0.0,0.0,0.5486868474175328,0.0,1.0,0.0,1.0,0.2223030271126299,False,1,0.2223030271126299,153
1159_7.png,00044,方块化刺猬木质主体，米桃色格纹，顶部刺毛更规整，仅顶部有刺毛，工作室光线，紧凑立方体木块刺猬，米桃色格纹木块，脸部大多藏在橙色刺毛下，真实棚拍物体照,3,"[1, 1, 0, 0]",0.5126382112503052,0.8769264221191406,0.04964805394411087,0.22281843268480028,0.17636126276799097,0.6595295093677662,0.09978079071172186,0.9002192092882781,0.9586028747721389,0.8035855774208198,0.7532378736496863,0.5649284052372647,11.0,0.31030228254164094,0.0,0.0,0.5486868474175328,0.0,1.0,0.0,1.0,0.2223030271126299,False,1,0.2223030271126299,154
1159_7.png,00045,方块化刺猬木质主体，米桃色格纹，顶部刺毛更规整，仅顶部有刺毛，工作室光线，迷你刺猬产品照，暖桃米色四乘四格纹侧面，脸部大多藏在橙色刺毛下，真实棚拍物体照,3,"[2, 0, 0, 0]",0.5126382112503052,0.8769264221191406,0.04964805394411087,0.22281843268480028,0.17636126276799097,0.6595295093677662,0.09978079071172186,0.9002192092882781,0.9586028747721389,0.8035855774208198,0.7532378736496863,0.5649284052372647,11.0,0.31030228254164094,0.0,0.0,0.5486868474175328,0.0,1.0,0.0,1.0,0.2223030271126299,False,1,0.2223030271126299,155
1159_7.png,00086,方块化刺猬木质主体，米桃色格纹，顶部刺毛更规整，仅顶部有刺毛，工作室光线，小刺猬方块木质身体，暖桃米色四乘四格纹侧面，脸部大多藏在橙色刺毛下，产品摄影风格,3,"[0, 0, 0, 3]",0.5126382112503052,0.8769264221191406,0.04964805394411087,0.22281843268480028,0.17636126276799097,0.6595295093677662,0.09978079071172186,0.9002192092882781,0.9586028747721389,0.8035855774208198,0.7532378736496863,0.5649284052372647,11.0,0.31030228254164094,0.0,0.0,0.5486868474175328,0.0,1.0,0.0,1.0,0.2223030271126299,False,1,0.2223030271126299,156
1159_7.png,00087,方块化刺猬木质主体，米桃色格纹，顶部刺毛更规整，仅顶部有刺毛，工作室光线，小刺猬方块木质身体，暖桃米色四乘四格纹侧面，微小面部被毛发遮挡，中性棚拍光,3,"[0, 0, 1, 2]",0.5126382112503052,0.8769264221191406,0.04964805394411087,0.22281843268480028,0.17636126276799097,0.6595295093677662,0.09978079071172186,0.9002192092882781,0.9586028747721389,0.8035855774208198,0.7532378736496863,0.5649284052372647,11.0,0.31030228254164094,0.0,0.0,0.5486868474175328,0.0,1.0,0.0,1.0,0.2223030271126299,False,1,0.2223030271126299,157
1159_7.png,00088,方块化刺猬木质主体，米桃色格纹，顶部刺毛更规整，仅顶部有刺毛，工作室光线，小刺猬方块木质身体，暖桃米色四乘四格纹侧面，顶部琥珀色刺毛方帽，柔和浅景深,3,"[0, 0, 2, 1]",0.5126382112503052,0.8769264221191406,0.04964805394411087,0.22281843268480028,0.17636126276799097,0.6595295093677662,0.09978079071172186,0.9002192092882781,0.9586028747721389,0.8035855774208198,0.7532378736496863,0.5649284052372647,11.0,0.31030228254164094,0.0,0.0,0.5486868474175328,0.0,1.0,0.0,1.0,0.2223030271126299,False,1,0.2223030271126299,158
1159_7.png,00089,方块化刺猬木质主体，米桃色格纹，顶部刺毛更规整，仅顶部有刺毛，工作室光线，小刺猬方块木质身体，暖桃米色四乘四格纹侧面，顶部低矮刺毛层，真实棚拍物体照,3,"[0, 0, 3, 0]",0.5126382112503052,0.8769264221191406,0.04964805394411087,0.22281843268480028,0.17636126276799097,0.6595295093677662,0.09978079071172186,0.9002192092882781,0.9586028747721389,0.8035855774208198,0.7532378736496863,0.5649284052372647,11.0,0.31030228254164094,0.0,0.0,0.5486868474175328,0.0,1.0,0.0,1.0,0.2223030271126299,False,1,0.2223030271126299,159
1159_7.png,00090,方块化刺猬木质主体，米桃色格纹，顶部刺毛更规整，仅顶部有刺毛，工作室光线，小刺猬方块木质身体，米桃色格纹木块，脸部大多藏在橙色刺毛下，中性棚拍光,3,"[0, 1, 0, 2]",0.5126382112503052,0.8769264221191406,0.04964805394411087,0.22281843268480028,0.17636126276799097,0.6595295093677662,0.09978079071172186,0.9002192092882781,0.9586028747721389,0.8035855774208198,0.7532378736496863,0.5649284052372647,11.0,0.31030228254164094,0.0,0.0,0.5486868474175328,0.0,1.0,0.0,1.0,0.2223030271126299,False,1,0.2223030271126299,160
1159_7.png,00091,方块化刺猬木质主体，米桃色格纹，顶部刺毛更规整，仅顶部有刺毛，工作室光线，小刺猬方块木质身体，米桃色格纹木块，微小面部被毛发遮挡，柔和浅景深,3,"[0, 1, 1, 1]",0.5126382112503052,0.8769264221191406,0.04964805394411087,0.22281843268480028,0.17636126276799097,0.6595295093677662,0.09978079071172186,0.9002192092882781,0.9586028747721389,0.8035855774208198,0.7532378736496863,0.5649284052372647,11.0,0.31030228254164094,0.0,0.0,0.5486868474175328,0.0,1.0,0.0,1.0,0.2223030271126299,False,1,0.2223030271126299,161
1159_7.png,00092,方块化刺猬木质主体，米桃色格纹，顶部刺毛更规整，仅顶部有刺毛，工作室光线，小刺猬方块木质身体，米桃色格纹木块，顶部琥珀色刺毛方帽，真实棚拍物体照,3,"[0, 1, 2, 0]",0.5126382112503052,0.8769264221191406,0.04964805394411087,0.22281843268480028,0.17636126276799097,0.6595295093677662,0.09978079071172186,0.9002192092882781,0.9586028747721389,0.8035855774208198,0.7532378736496863,0.5649284052372647,11.0,0.31030228254164094,0.0,0.0,0.5486868474175328,0.0,1.0,0.0,1.0,0.2223030271126299,False,1,0.2223030271126299,162
1159_7.png,00093,方块化刺猬木质主体，米桃色格纹，顶部刺毛更规整，仅顶部有刺毛，工作室光线，小刺猬方块木质身体，柔和浅木纹，脸部大多藏在橙色刺毛下，柔和浅景深,3,"[0, 2, 0, 1]",0.5126382112503052,0.8769264221191406,0.04964805394411087,0.22281843268480028,0.17636126276799097,0.6595295093677662,0.09978079071172186,0.9002192092882781,0.9586028747721389,0.8035855774208198,0.7532378736496863,0.5649284052372647,11.0,0.31030228254164094,0.0,0.0,0.5486868474175328,0.0,1.0,0.0,1.0,0.2223030271126299,False,1,0.2223030271126299,163
1159_7.png,00094,方块化刺猬木质主体，米桃色格纹，顶部刺毛更规整，仅顶部有刺毛，工作室光线，小刺猬方块木质身体，柔和浅木纹，微小面部被毛发遮挡，真实棚拍物体照,3,"[0, 2, 1, 0]",0.5126382112503052,0.8769264221191406,0.04964805394411087,0.22281843268480028,0.17636126276799097,0.6595295093677662,0.09978079071172186,0.9002192092882781,0.9586028747721389,0.8035855774208198,0.7532378736496863,0.5649284052372647,11.0,0.31030228254164094,0.0,0.0,0.5486868474175328,0.0,1.0,0.0,1.0,0.2223030271126299,False,1,0.2223030271126299,164
1159_7.png,00095,方块化刺猬木质主体，米桃色格纹，顶部刺毛更规整，仅顶部有刺毛，工作室光线，小刺猬方块木质身体，细腻木材纹理，脸部大多藏在橙色刺毛下，真实棚拍物体照,3,"[0, 3, 0, 0]",0.5126382112503052,0.8769264221191406,0.04964805394411087,0.22281843268480028,0.17636126276799097,0.6595295093677662,0.09978079071172186,0.9002192092882781,0.9586028747721389,0.8035855774208198,0.7532378736496863,0.5649284052372647,11.0,0.31030228254164094,0.0,0.0,0.5486868474175328,0.0,1.0,0.0,1.0,0.2223030271126299,False,1,0.2223030271126299,165
1159_7.png,00096,方块化刺猬木质主体，米桃色格纹，顶部刺毛更规整，仅顶部有刺毛，工作室光线，紧凑立方体木块刺猬，暖桃米色四乘四格纹侧面，脸部大多藏在橙色刺毛下，中性棚拍光,3,"[1, 0, 0, 2]",0.5126382112503052,0.8769264221191406,0.04964805394411087,0.22281843268480028,0.17636126276799097,0.6595295093677662,0.09978079071172186,0.9002192092882781,0.9586028747721389,0.8035855774208198,0.7532378736496863,0.5649284052372647,11.0,0.31030228254164094,0.0,0.0,0.5486868474175328,0.0,1.0,0.0,1.0,0.2223030271126299,False,1,0.2223030271126299,166
1159_7.png,00097,方块化刺猬木质主体，米桃色格纹，顶部刺毛更规整，仅顶部有刺毛，工作室光线，紧凑立方体木块刺猬，暖桃米色四乘四格纹侧面，微小面部被毛发遮挡，柔和浅景深,3,"[1, 0, 1, 1]",0.5126382112503052,0.8769264221191406,0.04964805394411087,0.22281843268480028,0.17636126276799097,0.6595295093677662,0.09978079071172186,0.9002192092882781,0.9586028747721389,0.8035855774208198,0.7532378736496863,0.5649284052372647,11.0,0.31030228254164094,0.0,0.0,0.5486868474175328,0.0,1.0,0.0,1.0,0.2223030271126299,False,1,0.2223030271126299,167
1159_7.png,00098,方块化刺猬木质主体，米桃色格纹，顶部刺毛更规整，仅顶部有刺毛，工作室光线，紧凑立方体木块刺猬，暖桃米色四乘四格纹侧面，顶部琥珀色刺毛方帽，真实棚拍物体照,3,"[1, 0, 2, 0]",0.5126382112503052,0.8769264221191406,0.04964805394411087,0.22281843268480028,0.17636126276799097,0.6595295093677662,0.09978079071172186,0.9002192092882781,0.9586028747721389,0.8035855774208198,0.7532378736496863,0.5649284052372647,11.0,0.31030228254164094,0.0,0.0,0.5486868474175328,0.0,1.0,0.0,1.0,0.2223030271126299,False,1,0.2223030271126299,168
1159_7.png,00099,方块化刺猬木质主体，米桃色格纹，顶部刺毛更规整，仅顶部有刺毛，工作室光线，紧凑立方体木块刺猬，米桃色格纹木块，脸部大多藏在橙色刺毛下，柔和浅景深,3,"[1, 1, 0, 1]",0.5126382112503052,0.8769264221191406,0.04964805394411087,0.22281843268480028,0.17636126276799097,0.6595295093677662,0.09978079071172186,0.9002192092882781,0.9586028747721389,0.8035855774208198,0.7532378736496863,0.5649284052372647,11.0,0.31030228254164094,0.0,0.0,0.5486868474175328,0.0,1.0,0.0,1.0,0.2223030271126299,False,1,0.2223030271126299,169
1159_7.png,00100,方块化刺猬木质主体，米桃色格纹，顶部刺毛更规整，仅顶部有刺毛，工作室光线，紧凑立方体木块刺猬，米桃色格纹木块，微小面部被毛发遮挡，真实棚拍物体照,3,"[1, 1, 1, 0]",0.5126382112503052,0.8769264221191406,0.04964805394411087,0.22281843268480028,0.17636126276799097,0.6595295093677662,0.09978079071172186,0.9002192092882781,0.9586028747721389,0.8035855774208198,0.7532378736496863,0.5649284052372647,11.0,0.31030228254164094,0.0,0.0,0.5486868474175328,0.0,1.0,0.0,1.0,0.2223030271126299,False,1,0.2223030271126299,170
1159_7.png,00101,方块化刺猬木质主体，米桃色格纹，顶部刺毛更规整，仅顶部有刺毛，工作室光线，紧凑立方体木块刺猬，柔和浅木纹，脸部大多藏在橙色刺毛下，真实棚拍物体照,3,"[1, 2, 0, 0]",0.5126382112503052,0.8769264221191406,0.04964805394411087,0.22281843268480028,0.17636126276799097,0.6595295093677662,0.09978079071172186,0.9002192092882781,0.9586028747721389,0.8035855774208198,0.7532378736496863,0.5649284052372647,11.0,0.31030228254164094,0.0,0.0,0.5486868474175328,0.0,1.0,0.0,1.0,0.2223030271126299,False,1,0.2223030271126299,171
1159_7.png,00102,方块化刺猬木质主体，米桃色格纹，顶部刺毛更规整，仅顶部有刺毛，工作室光线，迷你刺猬产品照，暖桃米色四乘四格纹侧面，脸部大多藏在橙色刺毛下，柔和浅景深,3,"[2, 0, 0, 1]",0.5126382112503052,0.8769264221191406,0.04964805394411087,0.22281843268480028,0.17636126276799097,0.6595295093677662,0.09978079071172186,0.9002192092882781,0.9586028747721389,0.8035855774208198,0.7532378736496863,0.5649284052372647,11.0,0.31030228254164094,0.0,0.0,0.5486868474175328,0.0,1.0,0.0,1.0,0.2223030271126299,False,1,0.2223030271126299,172
1159_7.png,00103,方块化刺猬木质主体，米桃色格纹，顶部刺毛更规整，仅顶部有刺毛，工作室光线，迷你刺猬产品照，暖桃米色四乘四格纹侧面，微小面部被毛发遮挡，真实棚拍物体照,3,"[2, 0, 1, 0]",0.5126382112503052,0.8769264221191406,0.04964805394411087,0.22281843268480028,0.17636126276799097,0.6595295093677662,0.09978079071172186,0.9002192092882781,0.9586028747721389,0.8035855774208198,0.7532378736496863,0.5649284052372647,11.0,0.31030228254164094,0.0,0.0,0.5486868474175328,0.0,1.0,0.0,1.0,0.2223030271126299,False,1,0.2223030271126299,173
1159_7.png,00104,方块化刺猬木质主体，米桃色格纹，顶部刺毛更规整，仅顶部有刺毛，工作室光线，迷你刺猬产品照，米桃色格纹木块，脸部大多藏在橙色刺毛下，真实棚拍物体照,3,"[2, 1, 0, 0]",0.5126382112503052,0.8769264221191406,0.04964805394411087,0.22281843268480028,0.17636126276799097,0.6595295093677662,0.09978079071172186,0.9002192092882781,0.9586028747721389,0.8035855774208198,0.7532378736496863,0.5649284052372647,11.0,0.31030228254164094,0.0,0.0,0.5486868474175328,0.0,1.0,0.0,1.0,0.2223030271126299,False,1,0.2223030271126299,174
1159_7.png,00105,方块化刺猬木质主体，米桃色格纹，顶部刺毛更规整，仅顶部有刺毛，工作室光线，棚拍小型立方体角色，暖桃米色四乘四格纹侧面，脸部大多藏在橙色刺毛下，真实棚拍物体照,3,"[3, 0, 0, 0]",0.5126382112503052,0.8769264221191406,0.04964805394411087,0.22281843268480028,0.17636126276799097,0.6595295093677662,0.09978079071172186,0.9002192092882781,0.9586028747721389,0.8035855774208198,0.7532378736496863,0.5649284052372647,11.0,0.31030228254164094,0.0,0.0,0.5486868474175328,0.0,1.0,0.0,1.0,0.2223030271126299,False,1,0.2223030271126299,175
1159_7.png,00176,方块化刺猬木质主体，米桃色格纹，顶部刺毛更规整，仅顶部有刺毛，工作室光线，小刺猬方块木质身体，暖桃米色四乘四格纹侧面，脸部大多藏在橙色刺毛下，干净白棚背景,3,"[0, 0, 0, 4]",0.5126382112503052,0.8769264221191406,0.04964805394411087,0.22281843268480028,0.17636126276799097,0.6595295093677662,0.09978079071172186,0.9002192092882781,0.9586028747721389,0.8035855774208198,0.7532378736496863,0.5649284052372647,11.0,0.31030228254164094,0.0,0.0,0.5486868474175328,0.0,1.0,0.0,1.0,0.2223030271126299,False,1,0.2223030271126299,176
1159_7.png,00177,方块化刺猬木质主体，米桃色格纹，顶部刺毛更规整，仅顶部有刺毛，工作室光线，小刺猬方块木质身体，暖桃米色四乘四格纹侧面，微小面部被毛发遮挡，产品摄影风格,3,"[0, 0, 1, 3]",0.5126382112503052,0.8769264221191406,0.04964805394411087,0.22281843268480028,0.17636126276799097,0.6595295093677662,0.09978079071172186,0.9002192092882781,0.9586028747721389,0.8035855774208198,0.7532378736496863,0.5649284052372647,11.0,0.31030228254164094,0.0,0.0,0.5486868474175328,0.0,1.0,0.0,1.0,0.2223030271126299,False,1,0.2223030271126299,177
1159_7.png,00178,方块化刺猬木质主体，米桃色格纹，顶部刺毛更规整，仅顶部有刺毛，工作室光线，小刺猬方块木质身体，暖桃米色四乘四格纹侧面，顶部琥珀色刺毛方帽，中性棚拍光,3,"[0, 0, 2, 2]",0.5126382112503052,0.8769264221191406,0.04964805394411087,0.22281843268480028,0.17636126276799097,0.6595295093677662,0.09978079071172186,0.9002192092882781,0.9586028747721389,0.8035855774208198,0.7532378736496863,0.5649284052372647,11.0,0.31030228254164094,0.0,0.0,0.5486868474175328,0.0,1.0,0.0,1.0,0.2223030271126299,False,1,0.2223030271126299,178
1159_7.png,00179,方块化刺猬木质主体，米桃色格纹，顶部刺毛更规整，仅顶部有刺毛，工作室光线，小刺猬方块木质身体，暖桃米色四乘四格纹侧面，顶部低矮刺毛层，柔和浅景深,3,"[0, 0, 3, 1]",0.5126382112503052,0.8769264221191406,0.04964805394411087,0.22281843268480028,0.17636126276799097,0.6595295093677662,0.09978079071172186,0.9002192092882781,0.9586028747721389,0.8035855774208198,0.7532378736496863,0.5649284052372647,11.0,0.31030228254164094,0.0,0.0,0.5486868474175328,0.0,1.0,0.0,1.0,0.2223030271126299,False,1,0.2223030271126299,179
1159_7.png,00180,方块化刺猬木质主体，米桃色格纹，顶部刺毛更规整，仅顶部有刺毛，工作室光线，小刺猬方块木质身体，暖桃米色四乘四格纹侧面，顶部刺毛更整齐，真实棚拍物体照,3,"[0, 0, 4, 0]",0.5126382112503052,0.8769264221191406,0.04964805394411087,0.22281843268480028,0.17636126276799097,0.6595295093677662,0.09978079071172186,0.9002192092882781,0.9586028747721389,0.8035855774208198,0.7532378736496863,0.5649284052372647,11.0,0.31030228254164094,0.0,0.0,0.5486868474175328,0.0,1.0,0.0,1.0,0.2223030271126299,False,1,0.2223030271126299,180
1159_7.png,00181,方块化刺猬木质主体，米桃色格纹，顶部刺毛更规整，仅顶部有刺毛，工作室光线，小刺猬方块木质身体，米桃色格纹木块，脸部大多藏在橙色刺毛下，产品摄影风格,3,"[0, 1, 0, 3]",0.5126382112503052,0.8769264221191406,0.04964805394411087,0.22281843268480028,0.17636126276799097,0.6595295093677662,0.09978079071172186,0.9002192092882781,0.9586028747721389,0.8035855774208198,0.7532378736496863,0.5649284052372647,11.0,0.31030228254164094,0.0,0.0,0.5486868474175328,0.0,1.0,0.0,1.0,0.2223030271126299,False,1,0.2223030271126299,181
1159_7.png,00182,方块化刺猬木质主体，米桃色格纹，顶部刺毛更规整，仅顶部有刺毛，工作室光线，小刺猬方块木质身体，米桃色格纹木块，微小面部被毛发遮挡，中性棚拍光,3,"[0, 1, 1, 2]",0.5126382112503052,0.8769264221191406,0.04964805394411087,0.22281843268480028,0.17636126276799097,0.6595295093677662,0.09978079071172186,0.9002192092882781,0.9586028747721389,0.8035855774208198,0.7532378736496863,0.5649284052372647,11.0,0.31030228254164094,0.0,0.0,0.5486868474175328,0.0,1.0,0.0,1.0,0.2223030271126299,False,1,0.2223030271126299,182
1159_7.png,00183,方块化刺猬木质主体，米桃色格纹，顶部刺毛更规整，仅顶部有刺毛，工作室光线，小刺猬方块木质身体，米桃色格纹木块，顶部琥珀色刺毛方帽，柔和浅景深,3,"[0, 1, 2, 1]",0.5126382112503052,0.8769264221191406,0.04964805394411087,0.22281843268480028,0.17636126276799097,0.6595295093677662,0.09978079071172186,0.9002192092882781,0.9586028747721389,0.8035855774208198,0.7532378736496863,0.5649284052372647,11.0,0.31030228254164094,0.0,0.0,0.5486868474175328,0.0,1.0,0.0,1.0,0.2223030271126299,False,1,0.2223030271126299,183
1159_7.png,00184,方块化刺猬木质主体，米桃色格纹，顶部刺毛更规整，仅顶部有刺毛，工作室光线，小刺猬方块木质身体，米桃色格纹木块，顶部低矮刺毛层，真实棚拍物体照,3,"[0, 1, 3, 0]",0.5126382112503052,0.8769264221191406,0.04964805394411087,0.22281843268480028,0.17636126276799097,0.6595295093677662,0.09978079071172186,0.9002192092882781,0.9586028747721389,0.8035855774208198,0.7532378736496863,0.5649284052372647,11.0,0.31030228254164094,0.0,0.0,0.5486868474175328,0.0,1.0,0.0,1.0,0.2223030271126299,False,1,0.2223030271126299,184
1159_7.png,00185,方块化刺猬木质主体，米桃色格纹，顶部刺毛更规整，仅顶部有刺毛，工作室光线，小刺猬方块木质身体，柔和浅木纹，脸部大多藏在橙色刺毛下，中性棚拍光,3,"[0, 2, 0, 2]",0.5126382112503052,0.8769264221191406,0.04964805394411087,0.22281843268480028,0.17636126276799097,0.6595295093677662,0.09978079071172186,0.9002192092882781,0.9586028747721389,0.8035855774208198,0.7532378736496863,0.5649284052372647,11.0,0.31030228254164094,0.0,0.0,0.5486868474175328,0.0,1.0,0.0,1.0,0.2223030271126299,False,1,0.2223030271126299,185
1159_7.png,00186,方块化刺猬木质主体，米桃色格纹，顶部刺毛更规整，仅顶部有刺毛，工作室光线，小刺猬方块木质身体，柔和浅木纹，微小面部被毛发遮挡，柔和浅景深,3,"[0, 2, 1, 1]",0.5126382112503052,0.8769264221191406,0.04964805394411087,0.22281843268480028,0.17636126276799097,0.6595295093677662,0.09978079071172186,0.9002192092882781,0.9586028747721389,0.8035855774208198,0.7532378736496863,0.5649284052372647,11.0,0.31030228254164094,0.0,0.0,0.5486868474175328,0.0,1.0,0.0,1.0,0.2223030271126299,False,1,0.2223030271126299,186
1159_7.png,00187,方块化刺猬木质主体，米桃色格纹，顶部刺毛更规整，仅顶部有刺毛，工作室光线，小刺猬方块木质身体，柔和浅木纹，顶部琥珀色刺毛方帽，真实棚拍物体照,3,"[0, 2, 2, 0]",0.5126382112503052,0.8769264221191406,0.04964805394411087,0.22281843268480028,0.17636126276799097,0.6595295093677662,0.09978079071172186,0.9002192092882781,0.9586028747721389,0.8035855774208198,0.7532378736496863,0.5649284052372647,11.0,0.31030228254164094,0.0,0.0,0.5486868474175328,0.0,1.0,0.0,1.0,0.2223030271126299,False,1,0.2223030271126299,187
1159_7.png,00188,方块化刺猬木质主体，米桃色格纹，顶部刺毛更规整，仅顶部有刺毛，工作室光线，小刺猬方块木质身体，细腻木材纹理，脸部大多藏在橙色刺毛下，柔和浅景深,3,"[0, 3, 0, 1]",0.5126382112503052,0.8769264221191406,0.04964805394411087,0.22281843268480028,0.17636126276799097,0.6595295093677662,0.09978079071172186,0.9002192092882781,0.9586028747721389,0.8035855774208198,0.7532378736496863,0.5649284052372647,11.0,0.31030228254164094,0.0,0.0,0.5486868474175328,0.0,1.0,0.0,1.0,0.2223030271126299,False,1,0.2223030271126299,188
1159_7.png,00189,方块化刺猬木质主体，米桃色格纹，顶部刺毛更规整，仅顶部有刺毛，工作室光线，小刺猬方块木质身体，细腻木材纹理，微小面部被毛发遮挡，真实棚拍物体照,3,"[0, 3, 1, 0]",0.5126382112503052,0.8769264221191406,0.04964805394411087,0.22281843268480028,0.17636126276799097,0.6595295093677662,0.09978079071172186,0.9002192092882781,0.9586028747721389,0.8035855774208198,0.7532378736496863,0.5649284052372647,11.0,0.31030228254164094,0.0,0.0,0.5486868474175328,0.0,1.0,0.0,1.0,0.2223030271126299,False,1,0.2223030271126299,189
1159_7.png,00190,方块化刺猬木质主体，米桃色格纹，顶部刺毛更规整，仅顶部有刺毛，工作室光线，小刺猬方块木质身体，哑光木质触感，脸部大多藏在橙色刺毛下，真实棚拍物体照,3,"[0, 4, 0, 0]",0.5126382112503052,0.8769264221191406,0.04964805394411087,0.22281843268480028,0.17636126276799097,0.6595295093677662,0.09978079071172186,0.9002192092882781,0.9586028747721389,0.8035855774208198,0.7532378736496863,0.5649284052372647,11.0,0.31030228254164094,0.0,0.0,0.5486868474175328,0.0,1.0,0.0,1.0,0.2223030271126299,False,1,0.2223030271126299,190
1159_7.png,00191,方块化刺猬木质主体，米桃色格纹，顶部刺毛更规整，仅顶部有刺毛，工作室光线，紧凑立方体木块刺猬，暖桃米色四乘四格纹侧面，脸部大多藏在橙色刺毛下，产品摄影风格,3,"[1, 0, 0, 3]",0.5126382112503052,0.8769264221191406,0.04964805394411087,0.22281843268480028,0.17636126276799097,0.6595295093677662,0.09978079071172186,0.9002192092882781,0.9586028747721389,0.8035855774208198,0.7532378736496863,0.5649284052372647,11.0,0.31030228254164094,0.0,0.0,0.5486868474175328,0.0,1.0,0.0,1.0,0.2223030271126299,False,1,0.2223030271126299,191
1159_7.png,00192,方块化刺猬木质主体，米桃色格纹，顶部刺毛更规整，仅顶部有刺毛，工作室光线，紧凑立方体木块刺猬，暖桃米色四乘四格纹侧面，微小面部被毛发遮挡，中性棚拍光,3,"[1, 0, 1, 2]",0.5126382112503052,0.8769264221191406,0.04964805394411087,0.22281843268480028,0.17636126276799097,0.6595295093677662,0.09978079071172186,0.9002192092882781,0.9586028747721389,0.8035855774208198,0.7532378736496863,0.5649284052372647,11.0,0.31030228254164094,0.0,0.0,0.5486868474175328,0.0,1.0,0.0,1.0,0.2223030271126299,False,1,0.2223030271126299,192
1159_7.png,00193,方块化刺猬木质主体，米桃色格纹，顶部刺毛更规整，仅顶部有刺毛，工作室光线，紧凑立方体木块刺猬，暖桃米色四乘四格纹侧面，顶部琥珀色刺毛方帽，柔和浅景深,3,"[1, 0, 2, 1]",0.5126382112503052,0.8769264221191406,0.04964805394411087,0.22281843268480028,0.17636126276799097,0.6595295093677662,0.09978079071172186,0.9002192092882781,0.9586028747721389,0.8035855774208198,0.7532378736496863,0.5649284052372647,11.0,0.31030228254164094,0.0,0.0,0.5486868474175328,0.0,1.0,0.0,1.0,0.2223030271126299,False,1,0.2223030271126299,193
1159_7.png,00194,方块化刺猬木质主体，米桃色格纹，顶部刺毛更规整，仅顶部有刺毛，工作室光线，紧凑立方体木块刺猬，暖桃米色四乘四格纹侧面，顶部低矮刺毛层，真实棚拍物体照,3,"[1, 0, 3, 0]",0.5126382112503052,0.8769264221191406,0.04964805394411087,0.22281843268480028,0.17636126276799097,0.6595295093677662,0.09978079071172186,0.9002192092882781,0.9586028747721389,0.8035855774208198,0.7532378736496863,0.5649284052372647,11.0,0.31030228254164094,0.0,0.0,0.5486868474175328,0.0,1.0,0.0,1.0,0.2223030271126299,False,1,0.2223030271126299,194
1159_7.png,00195,方块化刺猬木质主体，米桃色格纹，顶部刺毛更规整，仅顶部有刺毛，工作室光线，紧凑立方体木块刺猬，米桃色格纹木块，脸部大多藏在橙色刺毛下，中性棚拍光,3,"[1, 1, 0, 2]",0.5126382112503052,0.8769264221191406,0.04964805394411087,0.22281843268480028,0.17636126276799097,0.6595295093677662,0.09978079071172186,0.9002192092882781,0.9586028747721389,0.8035855774208198,0.7532378736496863,0.5649284052372647,11.0,0.31030228254164094,0.0,0.0,0.5486868474175328,0.0,1.0,0.0,1.0,0.2223030271126299,False,1,0.2223030271126299,195
1159_7.png,00196,方块化刺猬木质主体，米桃色格纹，顶部刺毛更规整，仅顶部有刺毛，工作室光线，紧凑立方体木块刺猬，米桃色格纹木块，微小面部被毛发遮挡，柔和浅景深,3,"[1, 1, 1, 1]",0.5126382112503052,0.8769264221191406,0.04964805394411087,0.22281843268480028,0.17636126276799097,0.6595295093677662,0.09978079071172186,0.9002192092882781,0.9586028747721389,0.8035855774208198,0.7532378736496863,0.5649284052372647,11.0,0.31030228254164094,0.0,0.0,0.5486868474175328,0.0,1.0,0.0,1.0,0.2223030271126299,False,1,0.2223030271126299,196
1159_7.png,00197,方块化刺猬木质主体，米桃色格纹，顶部刺毛更规整，仅顶部有刺毛，工作室光线，紧凑立方体木块刺猬，米桃色格纹木块，顶部琥珀色刺毛方帽，真实棚拍物体照,3,"[1, 1, 2, 0]",0.5126382112503052,0.8769264221191406,0.04964805394411087,0.22281843268480028,0.17636126276799097,0.6595295093677662,0.09978079071172186,0.9002192092882781,0.9586028747721389,0.8035855774208198,0.7532378736496863,0.5649284052372647,11.0,0.31030228254164094,0.0,0.0,0.5486868474175328,0.0,1.0,0.0,1.0,0.2223030271126299,False,1,0.2223030271126299,197
1159_7.png,00198,方块化刺猬木质主体，米桃色格纹，顶部刺毛更规整，仅顶部有刺毛，工作室光线，紧凑立方体木块刺猬，柔和浅木纹，脸部大多藏在橙色刺毛下，柔和浅景深,3,"[1, 2, 0, 1]",0.5126382112503052,0.8769264221191406,0.04964805394411087,0.22281843268480028,0.17636126276799097,0.6595295093677662,0.09978079071172186,0.9002192092882781,0.9586028747721389,0.8035855774208198,0.7532378736496863,0.5649284052372647,11.0,0.31030228254164094,0.0,0.0,0.5486868474175328,0.0,1.0,0.0,1.0,0.2223030271126299,False,1,0.2223030271126299,198
1159_7.png,00199,方块化刺猬木质主体，米桃色格纹，顶部刺毛更规整，仅顶部有刺毛，工作室光线，紧凑立方体木块刺猬，柔和浅木纹，微小面部被毛发遮挡，真实棚拍物体照,3,"[1, 2, 1, 0]",0.5126382112503052,0.8769264221191406,0.04964805394411087,0.22281843268480028,0.17636126276799097,0.6595295093677662,0.09978079071172186,0.9002192092882781,0.9586028747721389,0.8035855774208198,0.7532378736496863,0.5649284052372647,11.0,0.31030228254164094,0.0,0.0,0.5486868474175328,0.0,1.0,0.0,1.0,0.2223030271126299,False,1,0.2223030271126299,199
1159_7.png,00200,方块化刺猬木质主体，米桃色格纹，顶部刺毛更规整，仅顶部有刺毛，工作室光线，紧凑立方体木块刺猬，细腻木材纹理，脸部大多藏在橙色刺毛下，真实棚拍物体照,3,"[1, 3, 0, 0]",0.5126382112503052,0.8769264221191406,0.04964805394411087,0.22281843268480028,0.17636126276799097,0.6595295093677662,0.09978079071172186,0.9002192092882781,0.9586028747721389,0.8035855774208198,0.7532378736496863,0.5649284052372647,11.0,0.31030228254164094,0.0,0.0,0.5486868474175328,0.0,1.0,0.0,1.0,0.2223030271126299,False,1,0.2223030271126299,200
